{
  "type": "FeatureCollection",
  "features": [
    {
      "type": "Feature",
      "properties": {
        "name": "Palermo",
        "category": "Tourist",
        "osmType": "R",
        "osmId": 2222226,
        "source": "https://www.openstreetmap.org/relation/2222226",
        "retrievedAt": "2026-09-24",
        "stroke": "#f59e0b",
        "stroke-width": 2,
        "stroke-opacity": 0.95,
        "fill": "#f59e0b",
        "fill-opacity": 0.16
      },
      "geometry": {
        "type": "Polygon",
        "coordinates": [
          [
            [
              -58.4490952,
              -34.5679428
            ],
            [
              -58.4490244,
              -34.5679809
            ],
            [
              -58.4483376,
              -34.5683308
            ],
            [
              -58.4482963,
              -34.5683523
            ],
            [
              -58.4482155,
              -34.5683945
            ],
            [
              -58.4481233,
              -34.5684425
            ],
            [
              -58.4472004,
              -34.5689136
            ],
            [
              -58.4471156,
              -34.5689563
            ],
            [
              -58.447036,
              -34.5689963
            ],
            [
              -58.4465761,
              -34.569229
            ],
            [
              -58.4464827,
              -34.5692746
            ],
            [
              -58.4459272,
              -34.5695431
            ],
            [
              -58.4458965,
              -34.5695557
            ],
            [
              -58.4457304,
              -34.5696237
            ],
            [
              -58.4456262,
              -34.5696664
            ],
            [
              -58.4450494,
              -34.5699432
            ],
            [
              -58.4448967,
              -34.5700241
            ],
            [
              -58.444774,
              -34.5700885
            ],
            [
              -58.444403,
              -34.5702738
            ],
            [
              -58.4442088,
              -34.5703723
            ],
            [
              -58.4441408,
              -34.5704043
            ],
            [
              -58.4440994,
              -34.5704263
            ],
            [
              -58.4438752,
              -34.5705426
            ],
            [
              -58.4437491,
              -34.5706084
            ],
            [
              -58.4427328,
              -34.5711272
            ],
            [
              -58.4426144,
              -34.5711893
            ],
            [
              -58.4425495,
              -34.5712219
            ],
            [
              -58.4421339,
              -34.5714469
            ],
            [
              -58.4421068,
              -34.5714618
            ],
            [
              -58.442028,
              -34.5715053
            ],
            [
              -58.4419078,
              -34.5715716
            ],
            [
              -58.44093,
              -34.5720979
            ],
            [
              -58.4407951,
              -34.5721424
            ],
            [
              -58.4417143,
              -34.5730649
            ],
            [
              -58.4424355,
              -34.5738114
            ],
            [
              -58.4429824,
              -34.5743465
            ],
            [
              -58.4430465,
              -34.5744527
            ],
            [
              -58.4431206,
              -34.5745258
            ],
            [
              -58.4431384,
              -34.5745416
            ],
            [
              -58.4432094,
              -34.5745999
            ],
            [
              -58.4432499,
              -34.5746423
            ],
            [
              -58.4434346,
              -34.5748354
            ],
            [
              -58.4437822,
              -34.5751918
            ],
            [
              -58.4439688,
              -34.5753813
            ],
            [
              -58.4438877,
              -34.5754328
            ],
            [
              -58.4431916,
              -34.5758635
            ],
            [
              -58.4430741,
              -34.575938
            ],
            [
              -58.4429261,
              -34.5760322
            ],
            [
              -58.4422875,
              -34.5764622
            ],
            [
              -58.4418535,
              -34.5767582
            ],
            [
              -58.4414521,
              -34.577186
            ],
            [
              -58.4410655,
              -34.5776178
            ],
            [
              -58.4410425,
              -34.5776409
            ],
            [
              -58.4408894,
              -34.5777981
            ],
            [
              -58.4401771,
              -34.5783602
            ],
            [
              -58.4399482,
              -34.5785443
            ],
            [
              -58.4403551,
              -34.5788959
            ],
            [
              -58.4405567,
              -34.5790829
            ],
            [
              -58.4415588,
              -34.5800315
            ],
            [
              -58.4422712,
              -34.5807115
            ],
            [
              -58.4425029,
              -34.5809382
            ],
            [
              -58.4433221,
              -34.5816838
            ],
            [
              -58.4433601,
              -34.581716
            ],
            [
              -58.4434291,
              -34.5817742
            ],
            [
              -58.4434898,
              -34.5818429
            ],
            [
              -58.4434945,
              -34.5818482
            ],
            [
              -58.4437923,
              -34.5822661
            ],
            [
              -58.4443583,
              -34.5830329
            ],
            [
              -58.4443803,
              -34.5830729
            ],
            [
              -58.4444177,
              -34.5831795
            ],
            [
              -58.4444446,
              -34.5833018
            ],
            [
              -58.4447566,
              -34.5844078
            ],
            [
              -58.4447876,
              -34.5845224
            ],
            [
              -58.4445782,
              -34.5846628
            ],
            [
              -58.444504,
              -34.5847108
            ],
            [
              -58.4444233,
              -34.5847668
            ],
            [
              -58.4442712,
              -34.5848689
            ],
            [
              -58.444106,
              -34.5849798
            ],
            [
              -58.4434834,
              -34.5853988
            ],
            [
              -58.4431752,
              -34.5856047
            ],
            [
              -58.4424338,
              -34.5861024
            ],
            [
              -58.441867,
              -34.5864713
            ],
            [
              -58.4416586,
              -34.5866069
            ],
            [
              -58.4413983,
              -34.5867763
            ],
            [
              -58.4412504,
              -34.5868722
            ],
            [
              -58.4410223,
              -34.5870201
            ],
            [
              -58.4401508,
              -34.5875851
            ],
            [
              -58.4400269,
              -34.5876677
            ],
            [
              -58.4399795,
              -34.5876993
            ],
            [
              -58.439701,
              -34.5878851
            ],
            [
              -58.439397,
              -34.5881033
            ],
            [
              -58.438562,
              -34.5886446
            ],
            [
              -58.4384007,
              -34.5887509
            ],
            [
              -58.4383253,
              -34.5888031
            ],
            [
              -58.4382612,
              -34.5888447
            ],
            [
              -58.4382065,
              -34.5888802
            ],
            [
              -58.4380497,
              -34.5889846
            ],
            [
              -58.437558,
              -34.589312
            ],
            [
              -58.4371142,
              -34.5896056
            ],
            [
              -58.4361753,
              -34.5902264
            ],
            [
              -58.4359299,
              -34.5903885
            ],
            [
              -58.4358325,
              -34.5904529
            ],
            [
              -58.4352929,
              -34.5908092
            ],
            [
              -58.4343525,
              -34.591449
            ],
            [
              -58.4341332,
              -34.5915982
            ],
            [
              -58.4334553,
              -34.5920594
            ],
            [
              -58.4329263,
              -34.5924146
            ],
            [
              -58.4326778,
              -34.5925741
            ],
            [
              -58.4323729,
              -34.592768
            ],
            [
              -58.4322029,
              -34.5928822
            ],
            [
              -58.4312446,
              -34.5935308
            ],
            [
              -58.4300771,
              -34.5942936
            ],
            [
              -58.4298094,
              -34.5944539
            ],
            [
              -58.429767,
              -34.5944803
            ],
            [
              -58.4296322,
              -34.5945641
            ],
            [
              -58.4291798,
              -34.5948457
            ],
            [
              -58.4289093,
              -34.5950141
            ],
            [
              -58.4281105,
              -34.5955112
            ],
            [
              -58.4270332,
              -34.5961612
            ],
            [
              -58.4267944,
              -34.5962753
            ],
            [
              -58.4266215,
              -34.5963523
            ],
            [
              -58.4264868,
              -34.5964127
            ],
            [
              -58.4262605,
              -34.5965142
            ],
            [
              -58.4262052,
              -34.596539
            ],
            [
              -58.424851,
              -34.5970939
            ],
            [
              -58.4245948,
              -34.5972026
            ],
            [
              -58.4241383,
              -34.597387
            ],
            [
              -58.4235446,
              -34.5976165
            ],
            [
              -58.4233595,
              -34.5976521
            ],
            [
              -58.4232277,
              -34.5976631
            ],
            [
              -58.4225054,
              -34.5977087
            ],
            [
              -58.4217922,
              -34.597719
            ],
            [
              -58.4214856,
              -34.597731
            ],
            [
              -58.4212117,
              -34.5977363
            ],
            [
              -58.4209325,
              -34.5977424
            ],
            [
              -58.4207076,
              -34.59774
            ],
            [
              -58.4204921,
              -34.5977443
            ],
            [
              -58.4201616,
              -34.5977569
            ],
            [
              -58.4199189,
              -34.5977596
            ],
            [
              -58.4192958,
              -34.597768
            ],
            [
              -58.4189487,
              -34.5977728
            ],
            [
              -58.4188216,
              -34.5978101
            ],
            [
              -58.417271,
              -34.5978345
            ],
            [
              -58.4171434,
              -34.5978368
            ],
            [
              -58.4159885,
              -34.5978556
            ],
            [
              -58.4159719,
              -34.5977909
            ],
            [
              -58.4155203,
              -34.5967258
            ],
            [
              -58.4151401,
              -34.5957919
            ],
            [
              -58.4150589,
              -34.5955925
            ],
            [
              -58.4150538,
              -34.5955805
            ],
            [
              -58.4146348,
              -34.5945965
            ],
            [
              -58.4143897,
              -34.5940471
            ],
            [
              -58.4135248,
              -34.5930708
            ],
            [
              -58.4133836,
              -34.5929056
            ],
            [
              -58.4132518,
              -34.5927513
            ],
            [
              -58.4128812,
              -34.5923174
            ],
            [
              -58.4124428,
              -34.5918106
            ],
            [
              -58.4123796,
              -34.5917426
            ],
            [
              -58.4123351,
              -34.5916908
            ],
            [
              -58.4121708,
              -34.5914999
            ],
            [
              -58.4120091,
              -34.5913119
            ],
            [
              -58.4111692,
              -34.5903359
            ],
            [
              -58.4103036,
              -34.5892937
            ],
            [
              -58.4101728,
              -34.5891321
            ],
            [
              -58.4100963,
              -34.5890344
            ],
            [
              -58.410007,
              -34.5889262
            ],
            [
              -58.4098641,
              -34.588734
            ],
            [
              -58.4097654,
              -34.5885886
            ],
            [
              -58.4095883,
              -34.588326
            ],
            [
              -58.4095167,
              -34.5882231
            ],
            [
              -58.4094719,
              -34.5881613
            ],
            [
              -58.4090865,
              -34.5876297
            ],
            [
              -58.4090454,
              -34.587573
            ],
            [
              -58.408985,
              -34.5874872
            ],
            [
              -58.4083348,
              -34.586564
            ],
            [
              -58.4080495,
              -34.5861589
            ],
            [
              -58.4079916,
              -34.5860766
            ],
            [
              -58.4076772,
              -34.5856302
            ],
            [
              -58.4076248,
              -34.5855558
            ],
            [
              -58.4075732,
              -34.5854826
            ],
            [
              -58.4075242,
              -34.585412
            ],
            [
              -58.4071353,
              -34.5848608
            ],
            [
              -58.4070893,
              -34.5847954
            ],
            [
              -58.4064281,
              -34.5838566
            ],
            [
              -58.4063865,
              -34.5837975
            ],
            [
              -58.4061569,
              -34.5834398
            ],
            [
              -58.4052435,
              -34.5834572
            ],
            [
              -58.4049685,
              -34.5834517
            ],
            [
              -58.4047384,
              -34.5834507
            ],
            [
              -58.4045489,
              -34.5834476
            ],
            [
              -58.404037,
              -34.5834384
            ],
            [
              -58.4036367,
              -34.5834368
            ],
            [
              -58.403563,
              -34.5834362
            ],
            [
              -58.4033226,
              -34.5834344
            ],
            [
              -58.4032275,
              -34.5834331
            ],
            [
              -58.403024,
              -34.5834321
            ],
            [
              -58.4028551,
              -34.5834308
            ],
            [
              -58.4025548,
              -34.5834293
            ],
            [
              -58.4024761,
              -34.5834283
            ],
            [
              -58.4024474,
              -34.5834278
            ],
            [
              -58.4022174,
              -34.5834259
            ],
            [
              -58.4020724,
              -34.583429
            ],
            [
              -58.4019092,
              -34.5834508
            ],
            [
              -58.4015203,
              -34.5836878
            ],
            [
              -58.4013095,
              -34.583819
            ],
            [
              -58.4012591,
              -34.583854
            ],
            [
              -58.4012331,
              -34.583872
            ],
            [
              -58.4010923,
              -34.5839955
            ],
            [
              -58.4010731,
              -34.5840123
            ],
            [
              -58.4009774,
              -34.5840961
            ],
            [
              -58.4008825,
              -34.5841793
            ],
            [
              -58.4007787,
              -34.5842704
            ],
            [
              -58.4006898,
              -34.5843514
            ],
            [
              -58.4005699,
              -34.5844534
            ],
            [
              -58.4004664,
              -34.5843445
            ],
            [
              -58.3999455,
              -34.5836427
            ],
            [
              -58.3994481,
              -34.5829318
            ],
            [
              -58.3993447,
              -34.5827499
            ],
            [
              -58.3992532,
              -34.5825446
            ],
            [
              -58.399246,
              -34.5825251
            ],
            [
              -58.3991999,
              -34.5824222
            ],
            [
              -58.398836,
              -34.5818174
            ],
            [
              -58.3983808,
              -34.5811018
            ],
            [
              -58.3982044,
              -34.5808246
            ],
            [
              -58.3981189,
              -34.5806901
            ],
            [
              -58.398044,
              -34.5805576
            ],
            [
              -58.3980347,
              -34.5805412
            ],
            [
              -58.3979956,
              -34.5804442
            ],
            [
              -58.3978979,
              -34.5803259
            ],
            [
              -58.3969876,
              -34.5791202
            ],
            [
              -58.3969284,
              -34.5790368
            ],
            [
              -58.3968236,
              -34.5788837
            ],
            [
              -58.3966103,
              -34.5785616
            ],
            [
              -58.3966234,
              -34.5784983
            ],
            [
              -58.39779,
              -34.5777385
            ],
            [
              -58.3981227,
              -34.577472
            ],
            [
              -58.3985431,
              -34.5771938
            ],
            [
              -58.3991343,
              -34.57692
            ],
            [
              -58.3999203,
              -34.5765651
            ],
            [
              -58.4007413,
              -34.5760523
            ],
            [
              -58.4013373,
              -34.5756404
            ],
            [
              -58.4015972,
              -34.575414
            ],
            [
              -58.4018691,
              -34.5751334
            ],
            [
              -58.402359,
              -34.5745735
            ],
            [
              -58.4026712,
              -34.5741448
            ],
            [
              -58.4024889,
              -34.5739523
            ],
            [
              -58.4024031,
              -34.5738616
            ],
            [
              -58.4023118,
              -34.573767
            ],
            [
              -58.4021941,
              -34.5736515
            ],
            [
              -58.4019821,
              -34.5734287
            ],
            [
              -58.4019309,
              -34.5733728
            ],
            [
              -58.4017814,
              -34.5732154
            ],
            [
              -58.4017436,
              -34.5731493
            ],
            [
              -58.401667,
              -34.5730701
            ],
            [
              -58.4016355,
              -34.5730497
            ],
            [
              -58.4014242,
              -34.5728136
            ],
            [
              -58.400817,
              -34.5721653
            ],
            [
              -58.4007282,
              -34.5720596
            ],
            [
              -58.4007067,
              -34.5720173
            ],
            [
              -58.4006921,
              -34.5719687
            ],
            [
              -58.4006776,
              -34.571954
            ],
            [
              -58.4002258,
              -34.5714367
            ],
            [
              -58.4001968,
              -34.5714014
            ],
            [
              -58.3999607,
              -34.5711052
            ],
            [
              -58.3998887,
              -34.5710253
            ],
            [
              -58.3997758,
              -34.5708782
            ],
            [
              -58.3997386,
              -34.5708234
            ],
            [
              -58.3997087,
              -34.5707766
            ],
            [
              -58.3996401,
              -34.5706429
            ],
            [
              -58.3996348,
              -34.5706142
            ],
            [
              -58.3996636,
              -34.5703326
            ],
            [
              -58.3997022,
              -34.570048
            ],
            [
              -58.3998017,
              -34.5697402
            ],
            [
              -58.399892,
              -34.5695146
            ],
            [
              -58.3998241,
              -34.5695577
            ],
            [
              -58.3993022,
              -34.5698699
            ],
            [
              -58.3990905,
              -34.5699892
            ],
            [
              -58.3987676,
              -34.5701684
            ],
            [
              -58.3987168,
              -34.5701976
            ],
            [
              -58.3960162,
              -34.5717168
            ],
            [
              -58.3952171,
              -34.5721851
            ],
            [
              -58.3950292,
              -34.5722426
            ],
            [
              -58.3948768,
              -34.5722706
            ],
            [
              -58.3947163,
              -34.5722805
            ],
            [
              -58.3946314,
              -34.5722718
            ],
            [
              -58.3942754,
              -34.5722458
            ],
            [
              -58.3940894,
              -34.5722322
            ],
            [
              -58.3933996,
              -34.5721819
            ],
            [
              -58.393248,
              -34.5721708
            ],
            [
              -58.3930731,
              -34.57219
            ],
            [
              -58.3929142,
              -34.5722181
            ],
            [
              -58.3928657,
              -34.5722321
            ],
            [
              -58.3929371,
              -34.5721035
            ],
            [
              -58.3930162,
              -34.571961
            ],
            [
              -58.3935392,
              -34.5710279
            ],
            [
              -58.3937455,
              -34.5706771
            ],
            [
              -58.394159,
              -34.569933
            ],
            [
              -58.394592,
              -34.5692308
            ],
            [
              -58.3946971,
              -34.5691702
            ],
            [
              -58.3948218,
              -34.569182
            ],
            [
              -58.3949213,
              -34.569268
            ],
            [
              -58.3950794,
              -34.5691217
            ],
            [
              -58.3952403,
              -34.5689445
            ],
            [
              -58.3952256,
              -34.5688407
            ],
            [
              -58.3952471,
              -34.5686911
            ],
            [
              -58.3952467,
              -34.5686169
            ],
            [
              -58.3955153,
              -34.5682269
            ],
            [
              -58.3962182,
              -34.567193
            ],
            [
              -58.3964602,
              -34.5668963
            ],
            [
              -58.3970425,
              -34.56665
            ],
            [
              -58.3971741,
              -34.5666136
            ],
            [
              -58.3973739,
              -34.5666322
            ],
            [
              -58.3975111,
              -34.5667103
            ],
            [
              -58.3979171,
              -34.5671421
            ],
            [
              -58.3988853,
              -34.5680858
            ],
            [
              -58.3999322,
              -34.5691747
            ],
            [
              -58.4000659,
              -34.5690964
            ],
            [
              -58.4001863,
              -34.569032
            ],
            [
              -58.4001115,
              -34.5689763
            ],
            [
              -58.4000449,
              -34.5689536
            ],
            [
              -58.4000278,
              -34.5689381
            ],
            [
              -58.4000109,
              -34.5688996
            ],
            [
              -58.400003,
              -34.5688659
            ],
            [
              -58.3998399,
              -34.5687153
            ],
            [
              -58.3997879,
              -34.5686672
            ],
            [
              -58.3997434,
              -34.568633
            ],
            [
              -58.3996565,
              -34.5685829
            ],
            [
              -58.399625,
              -34.5685632
            ],
            [
              -58.3995342,
              -34.5684823
            ],
            [
              -58.3994315,
              -34.5683611
            ],
            [
              -58.3992539,
              -34.5681791
            ],
            [
              -58.3991771,
              -34.5680939
            ],
            [
              -58.3991699,
              -34.5680124
            ],
            [
              -58.3991594,
              -34.567928
            ],
            [
              -58.399091,
              -34.5678143
            ],
            [
              -58.3990299,
              -34.5677544
            ],
            [
              -58.3990078,
              -34.5677413
            ],
            [
              -58.3989347,
              -34.5677259
            ],
            [
              -58.3988897,
              -34.5676989
            ],
            [
              -58.3988661,
              -34.5676634
            ],
            [
              -58.398874,
              -34.5676273
            ],
            [
              -58.3988501,
              -34.56759
            ],
            [
              -58.3987738,
              -34.567495
            ],
            [
              -58.398631,
              -34.5673315
            ],
            [
              -58.3985797,
              -34.5672818
            ],
            [
              -58.3983139,
              -34.5670996
            ],
            [
              -58.3982141,
              -34.5670184
            ],
            [
              -58.3981439,
              -34.5669487
            ],
            [
              -58.3980252,
              -34.5668762
            ],
            [
              -58.3979639,
              -34.5668147
            ],
            [
              -58.397917,
              -34.566734
            ],
            [
              -58.3978739,
              -34.5666721
            ],
            [
              -58.3978197,
              -34.5666101
            ],
            [
              -58.3977378,
              -34.5665419
            ],
            [
              -58.3977144,
              -34.5665128
            ],
            [
              -58.3976469,
              -34.5663816
            ],
            [
              -58.3975798,
              -34.566284
            ],
            [
              -58.3974944,
              -34.5661878
            ],
            [
              -58.3973711,
              -34.5661167
            ],
            [
              -58.397101,
              -34.5660041
            ],
            [
              -58.3969556,
              -34.5658704
            ],
            [
              -58.3968679,
              -34.5657057
            ],
            [
              -58.3968196,
              -34.565527
            ],
            [
              -58.3968298,
              -34.5654064
            ],
            [
              -58.3968826,
              -34.5652902
            ],
            [
              -58.3969599,
              -34.5651511
            ],
            [
              -58.3971259,
              -34.5650369
            ],
            [
              -58.3972861,
              -34.5650251
            ],
            [
              -58.3974207,
              -34.564971
            ],
            [
              -58.3975717,
              -34.5648295
            ],
            [
              -58.3978195,
              -34.5646879
            ],
            [
              -58.3985392,
              -34.564118
            ],
            [
              -58.3987749,
              -34.5639241
            ],
            [
              -58.3990845,
              -34.5637739
            ],
            [
              -58.3992343,
              -34.563713
            ],
            [
              -58.3995444,
              -34.5636375
            ],
            [
              -58.399703,
              -34.5636577
            ],
            [
              -58.4002525,
              -34.5640253
            ],
            [
              -58.4003099,
              -34.5639845
            ],
            [
              -58.4007032,
              -34.5643079
            ],
            [
              -58.4008386,
              -34.5642191
            ],
            [
              -58.4008877,
              -34.5642548
            ],
            [
              -58.4009063,
              -34.5642328
            ],
            [
              -58.4009331,
              -34.5642096
            ],
            [
              -58.400964,
              -34.5641925
            ],
            [
              -58.4010021,
              -34.564177
            ],
            [
              -58.4009673,
              -34.5641308
            ],
            [
              -58.4011021,
              -34.5640391
            ],
            [
              -58.4009144,
              -34.5638143
            ],
            [
              -58.4009117,
              -34.5637899
            ],
            [
              -58.4008929,
              -34.5637667
            ],
            [
              -58.4009586,
              -34.5637275
            ],
            [
              -58.4009144,
              -34.5636756
            ],
            [
              -58.4008969,
              -34.5636535
            ],
            [
              -58.4008768,
              -34.5636193
            ],
            [
              -58.4008661,
              -34.5635906
            ],
            [
              -58.4008688,
              -34.5635596
            ],
            [
              -58.4008714,
              -34.5635298
            ],
            [
              -58.4008835,
              -34.5634879
            ],
            [
              -58.4009076,
              -34.5634481
            ],
            [
              -58.4009331,
              -34.5634238
            ],
            [
              -58.4009532,
              -34.563405
            ],
            [
              -58.4010069,
              -34.5633741
            ],
            [
              -58.4010552,
              -34.5633542
            ],
            [
              -58.4011048,
              -34.563341
            ],
            [
              -58.4011477,
              -34.5633355
            ],
            [
              -58.401196,
              -34.5633388
            ],
            [
              -58.4012376,
              -34.5633443
            ],
            [
              -58.4012805,
              -34.5633531
            ],
            [
              -58.401377,
              -34.563384
            ],
            [
              -58.401491,
              -34.5634371
            ],
            [
              -58.4015366,
              -34.5634591
            ],
            [
              -58.4015943,
              -34.5634934
            ],
            [
              -58.4016238,
              -34.5635155
            ],
            [
              -58.4016922,
              -34.5635751
            ],
            [
              -58.4017673,
              -34.5636436
            ],
            [
              -58.4018478,
              -34.5637087
            ],
            [
              -58.4019363,
              -34.5637673
            ],
            [
              -58.4020261,
              -34.5638126
            ],
            [
              -58.402116,
              -34.5638512
            ],
            [
              -58.4022058,
              -34.5638788
            ],
            [
              -58.4023091,
              -34.563902
            ],
            [
              -58.4024151,
              -34.563923
            ],
            [
              -58.4025264,
              -34.5639385
            ],
            [
              -58.402635,
              -34.5639473
            ],
            [
              -58.4027436,
              -34.5639517
            ],
            [
              -58.4028898,
              -34.5639462
            ],
            [
              -58.4030279,
              -34.563934
            ],
            [
              -58.4031312,
              -34.5639175
            ],
            [
              -58.4032385,
              -34.5638954
            ],
            [
              -58.4033418,
              -34.5638678
            ],
            [
              -58.403445,
              -34.5638357
            ],
            [
              -58.4035429,
              -34.5637993
            ],
            [
              -58.4036448,
              -34.5637573
            ],
            [
              -58.4037468,
              -34.5637076
            ],
            [
              -58.4038608,
              -34.5636381
            ],
            [
              -58.4039291,
              -34.5635817
            ],
            [
              -58.4038789,
              -34.5635547
            ],
            [
              -58.4039125,
              -34.5635011
            ],
            [
              -58.4044132,
              -34.5628145
            ],
            [
              -58.4046476,
              -34.5629317
            ],
            [
              -58.4044344,
              -34.5632128
            ],
            [
              -58.4044669,
              -34.5632366
            ],
            [
              -58.4047875,
              -34.5629357
            ],
            [
              -58.4047684,
              -34.5628888
            ],
            [
              -58.404758,
              -34.562844
            ],
            [
              -58.4047601,
              -34.562793
            ],
            [
              -58.4047721,
              -34.5627467
            ],
            [
              -58.4047981,
              -34.562702
            ],
            [
              -58.404823,
              -34.5626698
            ],
            [
              -58.4062463,
              -34.5613503
            ],
            [
              -58.4065561,
              -34.5610638
            ],
            [
              -58.4067926,
              -34.5608049
            ],
            [
              -58.4070697,
              -34.5605065
            ],
            [
              -58.4073208,
              -34.5602161
            ],
            [
              -58.4077074,
              -34.5597891
            ],
            [
              -58.4086178,
              -34.558903
            ],
            [
              -58.408721,
              -34.558772
            ],
            [
              -58.4087934,
              -34.5587167
            ],
            [
              -58.4088551,
              -34.5586891
            ],
            [
              -58.4089234,
              -34.5586781
            ],
            [
              -58.409003,
              -34.5586809
            ],
            [
              -58.4091425,
              -34.5585479
            ],
            [
              -58.409179,
              -34.5585132
            ],
            [
              -58.4092234,
              -34.5584608
            ],
            [
              -58.4092508,
              -34.5584259
            ],
            [
              -58.4092064,
              -34.5584042
            ],
            [
              -58.409185,
              -34.5583733
            ],
            [
              -58.4091848,
              -34.55834
            ],
            [
              -58.4092423,
              -34.5582137
            ],
            [
              -58.4092616,
              -34.5581399
            ],
            [
              -58.4092809,
              -34.5580373
            ],
            [
              -58.4092889,
              -34.5579834
            ],
            [
              -58.4092962,
              -34.5579109
            ],
            [
              -58.4093017,
              -34.5578188
            ],
            [
              -58.4093207,
              -34.5576906
            ],
            [
              -58.4093391,
              -34.5575963
            ],
            [
              -58.4094636,
              -34.5573099
            ],
            [
              -58.4095197,
              -34.5571972
            ],
            [
              -58.4094372,
              -34.5571225
            ],
            [
              -58.4094803,
              -34.557089
            ],
            [
              -58.409441,
              -34.5570475
            ],
            [
              -58.4094108,
              -34.5570011
            ],
            [
              -58.4093906,
              -34.5569511
            ],
            [
              -58.409381,
              -34.5568991
            ],
            [
              -58.4093821,
              -34.5568464
            ],
            [
              -58.409394,
              -34.5567947
            ],
            [
              -58.4094164,
              -34.5567454
            ],
            [
              -58.4094486,
              -34.5566999
            ],
            [
              -58.4094896,
              -34.5566595
            ],
            [
              -58.4095384,
              -34.5566255
            ],
            [
              -58.4095934,
              -34.5565987
            ],
            [
              -58.4096531,
              -34.5565799
            ],
            [
              -58.4097158,
              -34.5565698
            ],
            [
              -58.4097797,
              -34.5565685
            ],
            [
              -58.409843,
              -34.5565761
            ],
            [
              -58.4099038,
              -34.5565924
            ],
            [
              -58.4099603,
              -34.5566169
            ],
            [
              -58.410011,
              -34.556649
            ],
            [
              -58.4100438,
              -34.5566742
            ],
            [
              -58.4100868,
              -34.5566395
            ],
            [
              -58.4101805,
              -34.5567145
            ],
            [
              -58.4108453,
              -34.5564106
            ],
            [
              -58.4109677,
              -34.5563514
            ],
            [
              -58.4109576,
              -34.5563341
            ],
            [
              -58.4109429,
              -34.5562925
            ],
            [
              -58.4109372,
              -34.5562495
            ],
            [
              -58.4109405,
              -34.5562063
            ],
            [
              -58.4109888,
              -34.5562238
            ],
            [
              -58.4110324,
              -34.5562482
            ],
            [
              -58.4110699,
              -34.5562788
            ],
            [
              -58.4110838,
              -34.5562948
            ],
            [
              -58.4117016,
              -34.555988
            ],
            [
              -58.4124838,
              -34.5555604
            ],
            [
              -58.4133698,
              -34.5551642
            ],
            [
              -58.4140467,
              -34.5549253
            ],
            [
              -58.4140436,
              -34.5549176
            ],
            [
              -58.4140365,
              -34.5548721
            ],
            [
              -58.4140388,
              -34.5548263
            ],
            [
              -58.4140505,
              -34.5547815
            ],
            [
              -58.4140972,
              -34.5548073
            ],
            [
              -58.4141376,
              -34.5548394
            ],
            [
              -58.4141705,
              -34.554872
            ],
            [
              -58.4141799,
              -34.5548875
            ],
            [
              -58.4150093,
              -34.5546168
            ],
            [
              -58.4159362,
              -34.5543596
            ],
            [
              -58.4159362,
              -34.5543517
            ],
            [
              -58.4159349,
              -34.5543056
            ],
            [
              -58.415943,
              -34.5542599
            ],
            [
              -58.4159602,
              -34.5542159
            ],
            [
              -58.4160034,
              -34.5542455
            ],
            [
              -58.4160398,
              -34.5542807
            ],
            [
              -58.4160681,
              -34.5543206
            ],
            [
              -58.4160731,
              -34.554333
            ],
            [
              -58.4167177,
              -34.5541753
            ],
            [
              -58.4172931,
              -34.5540518
            ],
            [
              -58.4179291,
              -34.5539469
            ],
            [
              -58.4186605,
              -34.5538127
            ],
            [
              -58.4193139,
              -34.5537227
            ],
            [
              -58.4200008,
              -34.5536535
            ],
            [
              -58.4203869,
              -34.5535848
            ],
            [
              -58.4204294,
              -34.5536023
            ],
            [
              -58.4206503,
              -34.5535487
            ],
            [
              -58.4223592,
              -34.5531337
            ],
            [
              -58.4223175,
              -34.5529895
            ],
            [
              -58.4228451,
              -34.5528628
            ],
            [
              -58.4228963,
              -34.5530046
            ],
            [
              -58.4237966,
              -34.5527777
            ],
            [
              -58.4245279,
              -34.5525591
            ],
            [
              -58.4244877,
              -34.5524673
            ],
            [
              -58.4245788,
              -34.5524377
            ],
            [
              -58.4246186,
              -34.5525275
            ],
            [
              -58.4256882,
              -34.5521599
            ],
            [
              -58.4258241,
              -34.552382
            ],
            [
              -58.4263669,
              -34.5521695
            ],
            [
              -58.4267675,
              -34.5520091
            ],
            [
              -58.426871,
              -34.5519677
            ],
            [
              -58.4269582,
              -34.5519328
            ],
            [
              -58.4270028,
              -34.5519142
            ],
            [
              -58.4270966,
              -34.5518755
            ],
            [
              -58.4271598,
              -34.5518492
            ],
            [
              -58.4273353,
              -34.5517748
            ],
            [
              -58.4274062,
              -34.5517447
            ],
            [
              -58.4276787,
              -34.5516224
            ],
            [
              -58.4278969,
              -34.5515241
            ],
            [
              -58.4281151,
              -34.5514203
            ],
            [
              -58.4283504,
              -34.5512986
            ],
            [
              -58.42854,
              -34.5511794
            ],
            [
              -58.4288321,
              -34.5510368
            ],
            [
              -58.4291662,
              -34.5509704
            ],
            [
              -58.4293295,
              -34.5509536
            ],
            [
              -58.4294598,
              -34.5509409
            ],
            [
              -58.429586,
              -34.5509349
            ],
            [
              -58.4296239,
              -34.5509356
            ],
            [
              -58.4297942,
              -34.5509391
            ],
            [
              -58.4299617,
              -34.5509535
            ],
            [
              -58.4304887,
              -34.5510202
            ],
            [
              -58.4306698,
              -34.5510461
            ],
            [
              -58.430851,
              -34.5510835
            ],
            [
              -58.4310089,
              -34.5511338
            ],
            [
              -58.4311526,
              -34.5511987
            ],
            [
              -58.4314506,
              -34.5513427
            ],
            [
              -58.4316695,
              -34.5514239
            ],
            [
              -58.4326978,
              -34.55208
            ],
            [
              -58.4328844,
              -34.5521966
            ],
            [
              -58.4329032,
              -34.5522108
            ],
            [
              -58.4329922,
              -34.5522686
            ],
            [
              -58.4330773,
              -34.5523218
            ],
            [
              -58.4336454,
              -34.5526321
            ],
            [
              -58.434083,
              -34.552871
            ],
            [
              -58.4341664,
              -34.5529485
            ],
            [
              -58.434378,
              -34.5530642
            ],
            [
              -58.4344668,
              -34.553112
            ],
            [
              -58.4345407,
              -34.5531608
            ],
            [
              -58.4345848,
              -34.5532063
            ],
            [
              -58.4346298,
              -34.5532867
            ],
            [
              -58.4346385,
              -34.5534182
            ],
            [
              -58.4346446,
              -34.5534621
            ],
            [
              -58.4346602,
              -34.5535066
            ],
            [
              -58.4346844,
              -34.5535473
            ],
            [
              -58.4346117,
              -34.5535912
            ],
            [
              -58.434594,
              -34.5536019
            ],
            [
              -58.4345602,
              -34.5536234
            ],
            [
              -58.4345523,
              -34.5536284
            ],
            [
              -58.4344457,
              -34.5536904
            ],
            [
              -58.4343695,
              -34.5537388
            ],
            [
              -58.4343576,
              -34.5537474
            ],
            [
              -58.4340957,
              -34.5539355
            ],
            [
              -58.4342207,
              -34.5539975
            ],
            [
              -58.4342758,
              -34.5540243
            ],
            [
              -58.4342869,
              -34.5540297
            ],
            [
              -58.4343153,
              -34.5540434
            ],
            [
              -58.4346928,
              -34.554219
            ],
            [
              -58.4347986,
              -34.5542712
            ],
            [
              -58.4348781,
              -34.5543115
            ],
            [
              -58.4349629,
              -34.5543567
            ],
            [
              -58.4351836,
              -34.5544698
            ],
            [
              -58.4354072,
              -34.554577
            ],
            [
              -58.4355757,
              -34.5546593
            ],
            [
              -58.4356534,
              -34.5546972
            ],
            [
              -58.4358226,
              -34.5547889
            ],
            [
              -58.4361251,
              -34.55498
            ],
            [
              -58.4364685,
              -34.555249
            ],
            [
              -58.4373615,
              -34.5559672
            ],
            [
              -58.4376194,
              -34.5561326
            ],
            [
              -58.4378867,
              -34.5562502
            ],
            [
              -58.4385012,
              -34.5564452
            ],
            [
              -58.4387755,
              -34.5565295
            ],
            [
              -58.4390283,
              -34.5566213
            ],
            [
              -58.4393429,
              -34.5567565
            ],
            [
              -58.4399856,
              -34.5570462
            ],
            [
              -58.4402533,
              -34.5572039
            ],
            [
              -58.4404757,
              -34.5573635
            ],
            [
              -58.440668,
              -34.5575133
            ],
            [
              -58.4408292,
              -34.5576557
            ],
            [
              -58.4409599,
              -34.5578001
            ],
            [
              -58.4410704,
              -34.5579371
            ],
            [
              -58.4411683,
              -34.5580905
            ],
            [
              -58.441261,
              -34.5582998
            ],
            [
              -58.441302,
              -34.558448
            ],
            [
              -58.4413327,
              -34.5585885
            ],
            [
              -58.4413547,
              -34.5586902
            ],
            [
              -58.4413641,
              -34.5587595
            ],
            [
              -58.4413567,
              -34.5588393
            ],
            [
              -58.4412992,
              -34.5590586
            ],
            [
              -58.4412137,
              -34.5593111
            ],
            [
              -58.4411115,
              -34.5595738
            ],
            [
              -58.4410408,
              -34.5597368
            ],
            [
              -58.4409707,
              -34.5598611
            ],
            [
              -58.4409318,
              -34.5599218
            ],
            [
              -58.4407139,
              -34.5601909
            ],
            [
              -58.4404982,
              -34.5604159
            ],
            [
              -58.4401324,
              -34.5607002
            ],
            [
              -58.4398686,
              -34.5608984
            ],
            [
              -58.4398155,
              -34.5609324
            ],
            [
              -58.4395061,
              -34.5611302
            ],
            [
              -58.43918,
              -34.561307
            ],
            [
              -58.4388661,
              -34.5614487
            ],
            [
              -58.4385117,
              -34.5615871
            ],
            [
              -58.4381553,
              -34.5617089
            ],
            [
              -58.4378455,
              -34.5617873
            ],
            [
              -58.4374951,
              -34.561839
            ],
            [
              -58.437082,
              -34.5618807
            ],
            [
              -58.4367721,
              -34.5619074
            ],
            [
              -58.4364258,
              -34.5619207
            ],
            [
              -58.4360977,
              -34.5619107
            ],
            [
              -58.4355253,
              -34.5618578
            ],
            [
              -58.4353039,
              -34.5618373
            ],
            [
              -58.4349141,
              -34.5617921
            ],
            [
              -58.4348916,
              -34.5619355
            ],
            [
              -58.4348854,
              -34.5619992
            ],
            [
              -58.4348948,
              -34.5620531
            ],
            [
              -58.4349086,
              -34.5620881
            ],
            [
              -58.4349415,
              -34.5621386
            ],
            [
              -58.4351759,
              -34.5623452
            ],
            [
              -58.4352078,
              -34.5623746
            ],
            [
              -58.4352459,
              -34.5624114
            ],
            [
              -58.4353256,
              -34.5624851
            ],
            [
              -58.4354021,
              -34.5625556
            ],
            [
              -58.4354054,
              -34.5625587
            ],
            [
              -58.4354857,
              -34.5625582
            ],
            [
              -58.435769,
              -34.562555
            ],
            [
              -58.4363259,
              -34.5625485
            ],
            [
              -58.4364208,
              -34.5625474
            ],
            [
              -58.437086,
              -34.5625436
            ],
            [
              -58.4375055,
              -34.5625376
            ],
            [
              -58.4378335,
              -34.5625297
            ],
            [
              -58.4382012,
              -34.5625146
            ],
            [
              -58.4385029,
              -34.5624972
            ],
            [
              -58.4388442,
              -34.5624718
            ],
            [
              -58.4391831,
              -34.5624402
            ],
            [
              -58.439259,
              -34.5624319
            ],
            [
              -58.4394986,
              -34.5624072
            ],
            [
              -58.4398056,
              -34.5623684
            ],
            [
              -58.4401227,
              -34.5623247
            ],
            [
              -58.4404302,
              -34.5622759
            ],
            [
              -58.440772,
              -34.5622206
            ],
            [
              -58.4411121,
              -34.5621558
            ],
            [
              -58.441183,
              -34.5621412
            ],
            [
              -58.4414828,
              -34.5625051
            ],
            [
              -58.4419852,
              -34.5630511
            ],
            [
              -58.4424694,
              -34.5635891
            ],
            [
              -58.4426188,
              -34.5636394
            ],
            [
              -58.4427398,
              -34.5636846
            ],
            [
              -58.4436592,
              -34.5642315
            ],
            [
              -58.4438037,
              -34.5643157
            ],
            [
              -58.4446215,
              -34.5647803
            ],
            [
              -58.4455245,
              -34.5653328
            ],
            [
              -58.4464409,
              -34.5658662
            ],
            [
              -58.4473248,
              -34.5663884
            ],
            [
              -58.4477907,
              -34.5666626
            ],
            [
              -58.4478932,
              -34.5667204
            ],
            [
              -58.448413,
              -34.5672286
            ],
            [
              -58.4489284,
              -34.5677256
            ],
            [
              -58.448982,
              -34.5677954
            ],
            [
              -58.4490251,
              -34.5678492
            ],
            [
              -58.4490545,
              -34.5678875
            ],
            [
              -58.4490952,
              -34.5679428
            ]
          ]
        ]
      }
    },
    {
      "type": "Feature",
      "properties": {
        "name": "Recoleta",
        "category": "Residential",
        "osmType": "R",
        "osmId": 2224056,
        "source": "https://www.openstreetmap.org/relation/2224056",
        "retrievedAt": "2026-09-24",
        "stroke": "#0f766e",
        "stroke-width": 2,
        "stroke-opacity": 0.95,
        "fill": "#0f766e",
        "fill-opacity": 0.16
      },
      "geometry": {
        "type": "MultiPolygon",
        "coordinates": [
          [
            [
              [
                -58.4159885,
                -34.5978556
              ],
              [
                -58.4146168,
                -34.5979075
              ],
              [
                -58.414367,
                -34.5979163
              ],
              [
                -58.4132586,
                -34.5979568
              ],
              [
                -58.413124,
                -34.5979661
              ],
              [
                -58.4119275,
                -34.5980173
              ],
              [
                -58.4103061,
                -34.5981066
              ],
              [
                -58.410198,
                -34.5981043
              ],
              [
                -58.4094111,
                -34.5980978
              ],
              [
                -58.4081756,
                -34.5980826
              ],
              [
                -58.4080624,
                -34.5980822
              ],
              [
                -58.4067629,
                -34.5980616
              ],
              [
                -58.4066509,
                -34.59806
              ],
              [
                -58.4065486,
                -34.5980606
              ],
              [
                -58.4057859,
                -34.5980542
              ],
              [
                -58.4056011,
                -34.5980527
              ],
              [
                -58.405441,
                -34.5980573
              ],
              [
                -58.404761,
                -34.5980592
              ],
              [
                -58.4045889,
                -34.5980631
              ],
              [
                -58.4045323,
                -34.598069
              ],
              [
                -58.4044764,
                -34.5980794
              ],
              [
                -58.404422,
                -34.5980996
              ],
              [
                -58.4043591,
                -34.5981337
              ],
              [
                -58.4040667,
                -34.5982903
              ],
              [
                -58.4037393,
                -34.5984691
              ],
              [
                -58.4031022,
                -34.5988256
              ],
              [
                -58.4024671,
                -34.5991633
              ],
              [
                -58.4021108,
                -34.5993498
              ],
              [
                -58.402055,
                -34.5993758
              ],
              [
                -58.4020145,
                -34.5993929
              ],
              [
                -58.4019561,
                -34.5994096
              ],
              [
                -58.4019031,
                -34.5994196
              ],
              [
                -58.4010821,
                -34.5995115
              ],
              [
                -58.4009765,
                -34.5995264
              ],
              [
                -58.4009267,
                -34.5995333
              ],
              [
                -58.3999137,
                -34.5996468
              ],
              [
                -58.3988593,
                -34.5997619
              ],
              [
                -58.3987302,
                -34.5997698
              ],
              [
                -58.3986136,
                -34.5997731
              ],
              [
                -58.3973091,
                -34.599748
              ],
              [
                -58.3971947,
                -34.5997447
              ],
              [
                -58.3970524,
                -34.5997415
              ],
              [
                -58.3958177,
                -34.599715
              ],
              [
                -58.3943863,
                -34.5997077
              ],
              [
                -58.3942454,
                -34.599708
              ],
              [
                -58.3933819,
                -34.5996712
              ],
              [
                -58.3933424,
                -34.5996705
              ],
              [
                -58.3929401,
                -34.5996579
              ],
              [
                -58.39157,
                -34.5995838
              ],
              [
                -58.391442,
                -34.5995772
              ],
              [
                -58.390154,
                -34.5994942
              ],
              [
                -58.3896765,
                -34.5994653
              ],
              [
                -58.389539,
                -34.5994607
              ],
              [
                -58.3881602,
                -34.599384
              ],
              [
                -58.3868537,
                -34.5993132
              ],
              [
                -58.3868783,
                -34.5992358
              ],
              [
                -58.3868878,
                -34.5991539
              ],
              [
                -58.3869708,
                -34.5982798
              ],
              [
                -58.3869792,
                -34.5981663
              ],
              [
                -58.3870627,
                -34.5970419
              ],
              [
                -58.3871461,
                -34.5958265
              ],
              [
                -58.387153,
                -34.5957252
              ],
              [
                -58.3871662,
                -34.5956167
              ],
              [
                -58.3872871,
                -34.5946242
              ],
              [
                -58.3875543,
                -34.5928429
              ],
              [
                -58.3878755,
                -34.5916775
              ],
              [
                -58.3879618,
                -34.5916035
              ],
              [
                -58.3869292,
                -34.5907374
              ],
              [
                -58.3859223,
                -34.5897793
              ],
              [
                -58.3849685,
                -34.5887849
              ],
              [
                -58.3840144,
                -34.5878285
              ],
              [
                -58.3838499,
                -34.5876661
              ],
              [
                -58.3836691,
                -34.5874788
              ],
              [
                -58.3839757,
                -34.5873125
              ],
              [
                -58.384268,
                -34.587076
              ],
              [
                -58.3846653,
                -34.5865245
              ],
              [
                -58.3850148,
                -34.5859572
              ],
              [
                -58.385055,
                -34.5858826
              ],
              [
                -58.3854327,
                -34.5852792
              ],
              [
                -58.3857668,
                -34.5848353
              ],
              [
                -58.3861147,
                -34.584433
              ],
              [
                -58.3866833,
                -34.5838429
              ],
              [
                -58.3873732,
                -34.5832092
              ],
              [
                -58.387856,
                -34.5828459
              ],
              [
                -58.3884617,
                -34.582419
              ],
              [
                -58.3895288,
                -34.5818234
              ],
              [
                -58.3895887,
                -34.5817899
              ],
              [
                -58.3901995,
                -34.5814893
              ],
              [
                -58.3914127,
                -34.5809355
              ],
              [
                -58.3916353,
                -34.5808312
              ],
              [
                -58.3899485,
                -34.5782336
              ],
              [
                -58.3898585,
                -34.5782345
              ],
              [
                -58.3891233,
                -34.5781981
              ],
              [
                -58.3888167,
                -34.5781777
              ],
              [
                -58.3871643,
                -34.5780843
              ],
              [
                -58.3870528,
                -34.5780734
              ],
              [
                -58.3867872,
                -34.5780525
              ],
              [
                -58.3864936,
                -34.5780122
              ],
              [
                -58.3862245,
                -34.5779576
              ],
              [
                -58.385754,
                -34.5778666
              ],
              [
                -58.3854176,
                -34.5779559
              ],
              [
                -58.3853495,
                -34.577974
              ],
              [
                -58.3851398,
                -34.5780303
              ],
              [
                -58.3850732,
                -34.5780481
              ],
              [
                -58.384909,
                -34.5780963
              ],
              [
                -58.3848393,
                -34.5781147
              ],
              [
                -58.3847326,
                -34.5781398
              ],
              [
                -58.3838456,
                -34.5783518
              ],
              [
                -58.3834827,
                -34.5784379
              ],
              [
                -58.3832681,
                -34.5784974
              ],
              [
                -58.3830911,
                -34.578557
              ],
              [
                -58.3827826,
                -34.5786697
              ],
              [
                -58.3824957,
                -34.5787978
              ],
              [
                -58.3822221,
                -34.578948
              ],
              [
                -58.3820749,
                -34.5790302
              ],
              [
                -58.3820211,
                -34.5790602
              ],
              [
                -58.3810656,
                -34.5795936
              ],
              [
                -58.3809179,
                -34.5796726
              ],
              [
                -58.3808574,
                -34.5797073
              ],
              [
                -58.3807917,
                -34.5797416
              ],
              [
                -58.3805859,
                -34.5798281
              ],
              [
                -58.3802721,
                -34.5799483
              ],
              [
                -58.3800306,
                -34.5800135
              ],
              [
                -58.3798496,
                -34.5800521
              ],
              [
                -58.3796847,
                -34.5800787
              ],
              [
                -58.3795103,
                -34.5800952
              ],
              [
                -58.3793615,
                -34.580104
              ],
              [
                -58.3790215,
                -34.5801068
              ],
              [
                -58.3769786,
                -34.5799866
              ],
              [
                -58.3767172,
                -34.5799873
              ],
              [
                -58.3764424,
                -34.580001
              ],
              [
                -58.3762095,
                -34.5800317
              ],
              [
                -58.3759984,
                -34.58007
              ],
              [
                -58.3757472,
                -34.5801294
              ],
              [
                -58.3754361,
                -34.5802376
              ],
              [
                -58.375213,
                -34.5803315
              ],
              [
                -58.3750954,
                -34.5803857
              ],
              [
                -58.3748507,
                -34.5801134
              ],
              [
                -58.3747316,
                -34.5799766
              ],
              [
                -58.3746268,
                -34.5798512
              ],
              [
                -58.3745999,
                -34.5798196
              ],
              [
                -58.3743581,
                -34.5795225
              ],
              [
                -58.3743375,
                -34.5794975
              ],
              [
                -58.374317,
                -34.5794726
              ],
              [
                -58.3743023,
                -34.5794541
              ],
              [
                -58.3742863,
                -34.5794339
              ],
              [
                -58.3740538,
                -34.5791402
              ],
              [
                -58.3742983,
                -34.5790106
              ],
              [
                -58.3743697,
                -34.5789667
              ],
              [
                -58.3765127,
                -34.5777401
              ],
              [
                -58.3769031,
                -34.5775226
              ],
              [
                -58.3760473,
                -34.5774715
              ],
              [
                -58.3707328,
                -34.5770551
              ],
              [
                -58.370711,
                -34.5770379
              ],
              [
                -58.3706926,
                -34.577009
              ],
              [
                -58.3707438,
                -34.5765978
              ],
              [
                -58.3725449,
                -34.5755706
              ],
              [
                -58.3754842,
                -34.5738944
              ],
              [
                -58.3755028,
                -34.5738897
              ],
              [
                -58.3818445,
                -34.5743933
              ],
              [
                -58.3835901,
                -34.5734004
              ],
              [
                -58.3835967,
                -34.5733286
              ],
              [
                -58.3836074,
                -34.5733286
              ],
              [
                -58.3836168,
                -34.5732656
              ],
              [
                -58.3836034,
                -34.5732623
              ],
              [
                -58.3836126,
                -34.5731735
              ],
              [
                -58.3782565,
                -34.5727518
              ],
              [
                -58.3782464,
                -34.5727425
              ],
              [
                -58.3782442,
                -34.5727269
              ],
              [
                -58.3782792,
                -34.5723104
              ],
              [
                -58.3782915,
                -34.5722933
              ],
              [
                -58.3808174,
                -34.5708604
              ],
              [
                -58.3807937,
                -34.570822
              ],
              [
                -58.3808823,
                -34.5707694
              ],
              [
                -58.3809051,
                -34.570808
              ],
              [
                -58.38107,
                -34.5707164
              ],
              [
                -58.3810788,
                -34.5707285
              ],
              [
                -58.3811156,
                -34.5707258
              ],
              [
                -58.3811217,
                -34.5706396
              ],
              [
                -58.3811411,
                -34.5706374
              ],
              [
                -58.3811625,
                -34.5705211
              ],
              [
                -58.3806826,
                -34.5704857
              ],
              [
                -58.3806798,
                -34.5704541
              ],
              [
                -58.3806852,
                -34.570421
              ],
              [
                -58.3807227,
                -34.5704166
              ],
              [
                -58.3807254,
                -34.5702266
              ],
              [
                -58.3806926,
                -34.5701421
              ],
              [
                -58.380745,
                -34.5693942
              ],
              [
                -58.3808842,
                -34.5686544
              ],
              [
                -58.3809775,
                -34.5685459
              ],
              [
                -58.3810907,
                -34.568481
              ],
              [
                -58.3812331,
                -34.5684195
              ],
              [
                -58.3814616,
                -34.5683818
              ],
              [
                -58.3830819,
                -34.5683606
              ],
              [
                -58.3831889,
                -34.5683684
              ],
              [
                -58.3834786,
                -34.568443
              ],
              [
                -58.3836034,
                -34.5684818
              ],
              [
                -58.3837009,
                -34.5685258
              ],
              [
                -58.383797,
                -34.5686941
              ],
              [
                -58.3838233,
                -34.568791
              ],
              [
                -58.3839713,
                -34.5688339
              ],
              [
                -58.386332,
                -34.5690254
              ],
              [
                -58.3902982,
                -34.5693472
              ],
              [
                -58.390494,
                -34.569405
              ],
              [
                -58.3906143,
                -34.569608
              ],
              [
                -58.3907407,
                -34.569849
              ],
              [
                -58.3910472,
                -34.5700703
              ],
              [
                -58.3911685,
                -34.5702254
              ],
              [
                -58.3912396,
                -34.5703774
              ],
              [
                -58.3912537,
                -34.570479
              ],
              [
                -58.3912088,
                -34.570585
              ],
              [
                -58.3906235,
                -34.5709477
              ],
              [
                -58.3906098,
                -34.5709562
              ],
              [
                -58.3866497,
                -34.5732316
              ],
              [
                -58.3873039,
                -34.5740302
              ],
              [
                -58.3879409,
                -34.57484
              ],
              [
                -58.3881444,
                -34.574722
              ],
              [
                -58.3884327,
                -34.5745569
              ],
              [
                -58.3887974,
                -34.574348
              ],
              [
                -58.3889953,
                -34.5742347
              ],
              [
                -58.38964,
                -34.5738654
              ],
              [
                -58.3900027,
                -34.5736576
              ],
              [
                -58.3901802,
                -34.573556
              ],
              [
                -58.3916309,
                -34.5727251
              ],
              [
                -58.3919594,
                -34.5725369
              ],
              [
                -58.3921813,
                -34.5724098
              ],
              [
                -58.3929564,
                -34.5719761
              ],
              [
                -58.3930162,
                -34.571961
              ],
              [
                -58.3929371,
                -34.5721035
              ],
              [
                -58.3928657,
                -34.5722321
              ],
              [
                -58.3929142,
                -34.5722181
              ],
              [
                -58.3930731,
                -34.57219
              ],
              [
                -58.393248,
                -34.5721708
              ],
              [
                -58.3933996,
                -34.5721819
              ],
              [
                -58.3940894,
                -34.5722322
              ],
              [
                -58.3942754,
                -34.5722458
              ],
              [
                -58.3946314,
                -34.5722718
              ],
              [
                -58.3947163,
                -34.5722805
              ],
              [
                -58.3948768,
                -34.5722706
              ],
              [
                -58.3950292,
                -34.5722426
              ],
              [
                -58.3952171,
                -34.5721851
              ],
              [
                -58.3960162,
                -34.5717168
              ],
              [
                -58.3987168,
                -34.5701976
              ],
              [
                -58.3987676,
                -34.5701684
              ],
              [
                -58.3990905,
                -34.5699892
              ],
              [
                -58.3993022,
                -34.5698699
              ],
              [
                -58.3998241,
                -34.5695577
              ],
              [
                -58.399892,
                -34.5695146
              ],
              [
                -58.3998017,
                -34.5697402
              ],
              [
                -58.3997022,
                -34.570048
              ],
              [
                -58.3996636,
                -34.5703326
              ],
              [
                -58.3996348,
                -34.5706142
              ],
              [
                -58.3996401,
                -34.5706429
              ],
              [
                -58.3997087,
                -34.5707766
              ],
              [
                -58.3997386,
                -34.5708234
              ],
              [
                -58.3997758,
                -34.5708782
              ],
              [
                -58.3998887,
                -34.5710253
              ],
              [
                -58.3999607,
                -34.5711052
              ],
              [
                -58.4001968,
                -34.5714014
              ],
              [
                -58.4002258,
                -34.5714367
              ],
              [
                -58.4006776,
                -34.571954
              ],
              [
                -58.4006921,
                -34.5719687
              ],
              [
                -58.4007067,
                -34.5720173
              ],
              [
                -58.4007282,
                -34.5720596
              ],
              [
                -58.400817,
                -34.5721653
              ],
              [
                -58.4014242,
                -34.5728136
              ],
              [
                -58.4016355,
                -34.5730497
              ],
              [
                -58.401667,
                -34.5730701
              ],
              [
                -58.4017436,
                -34.5731493
              ],
              [
                -58.4017814,
                -34.5732154
              ],
              [
                -58.4019309,
                -34.5733728
              ],
              [
                -58.4019821,
                -34.5734287
              ],
              [
                -58.4021941,
                -34.5736515
              ],
              [
                -58.4023118,
                -34.573767
              ],
              [
                -58.4024031,
                -34.5738616
              ],
              [
                -58.4024889,
                -34.5739523
              ],
              [
                -58.4026712,
                -34.5741448
              ],
              [
                -58.402359,
                -34.5745735
              ],
              [
                -58.4018691,
                -34.5751334
              ],
              [
                -58.4015972,
                -34.575414
              ],
              [
                -58.4013373,
                -34.5756404
              ],
              [
                -58.4007413,
                -34.5760523
              ],
              [
                -58.3999203,
                -34.5765651
              ],
              [
                -58.3991343,
                -34.57692
              ],
              [
                -58.3985431,
                -34.5771938
              ],
              [
                -58.3981227,
                -34.577472
              ],
              [
                -58.39779,
                -34.5777385
              ],
              [
                -58.3966234,
                -34.5784983
              ],
              [
                -58.3966103,
                -34.5785616
              ],
              [
                -58.3968236,
                -34.5788837
              ],
              [
                -58.3969284,
                -34.5790368
              ],
              [
                -58.3969876,
                -34.5791202
              ],
              [
                -58.3978979,
                -34.5803259
              ],
              [
                -58.3979956,
                -34.5804442
              ],
              [
                -58.3980347,
                -34.5805412
              ],
              [
                -58.398044,
                -34.5805576
              ],
              [
                -58.3981189,
                -34.5806901
              ],
              [
                -58.3982044,
                -34.5808246
              ],
              [
                -58.3983808,
                -34.5811018
              ],
              [
                -58.398836,
                -34.5818174
              ],
              [
                -58.3991999,
                -34.5824222
              ],
              [
                -58.399246,
                -34.5825251
              ],
              [
                -58.3992532,
                -34.5825446
              ],
              [
                -58.3993447,
                -34.5827499
              ],
              [
                -58.3994481,
                -34.5829318
              ],
              [
                -58.3999455,
                -34.5836427
              ],
              [
                -58.4004664,
                -34.5843445
              ],
              [
                -58.4005699,
                -34.5844534
              ],
              [
                -58.4006898,
                -34.5843514
              ],
              [
                -58.4007787,
                -34.5842704
              ],
              [
                -58.4008825,
                -34.5841793
              ],
              [
                -58.4009774,
                -34.5840961
              ],
              [
                -58.4010731,
                -34.5840123
              ],
              [
                -58.4010923,
                -34.5839955
              ],
              [
                -58.4012331,
                -34.583872
              ],
              [
                -58.4012591,
                -34.583854
              ],
              [
                -58.4013095,
                -34.583819
              ],
              [
                -58.4015203,
                -34.5836878
              ],
              [
                -58.4019092,
                -34.5834508
              ],
              [
                -58.4020724,
                -34.583429
              ],
              [
                -58.4022174,
                -34.5834259
              ],
              [
                -58.4024474,
                -34.5834278
              ],
              [
                -58.4024761,
                -34.5834283
              ],
              [
                -58.4025548,
                -34.5834293
              ],
              [
                -58.4028551,
                -34.5834308
              ],
              [
                -58.403024,
                -34.5834321
              ],
              [
                -58.4032275,
                -34.5834331
              ],
              [
                -58.4033226,
                -34.5834344
              ],
              [
                -58.403563,
                -34.5834362
              ],
              [
                -58.4036367,
                -34.5834368
              ],
              [
                -58.404037,
                -34.5834384
              ],
              [
                -58.4045489,
                -34.5834476
              ],
              [
                -58.4047384,
                -34.5834507
              ],
              [
                -58.4049685,
                -34.5834517
              ],
              [
                -58.4052435,
                -34.5834572
              ],
              [
                -58.4061569,
                -34.5834398
              ],
              [
                -58.4063865,
                -34.5837975
              ],
              [
                -58.4064281,
                -34.5838566
              ],
              [
                -58.4070893,
                -34.5847954
              ],
              [
                -58.4071353,
                -34.5848608
              ],
              [
                -58.4075242,
                -34.585412
              ],
              [
                -58.4075732,
                -34.5854826
              ],
              [
                -58.4076248,
                -34.5855558
              ],
              [
                -58.4076772,
                -34.5856302
              ],
              [
                -58.4079916,
                -34.5860766
              ],
              [
                -58.4080495,
                -34.5861589
              ],
              [
                -58.4083348,
                -34.586564
              ],
              [
                -58.408985,
                -34.5874872
              ],
              [
                -58.4090454,
                -34.587573
              ],
              [
                -58.4090865,
                -34.5876297
              ],
              [
                -58.4094719,
                -34.5881613
              ],
              [
                -58.4095167,
                -34.5882231
              ],
              [
                -58.4095883,
                -34.588326
              ],
              [
                -58.4097654,
                -34.5885886
              ],
              [
                -58.4098641,
                -34.588734
              ],
              [
                -58.410007,
                -34.5889262
              ],
              [
                -58.4100963,
                -34.5890344
              ],
              [
                -58.4101728,
                -34.5891321
              ],
              [
                -58.4103036,
                -34.5892937
              ],
              [
                -58.4111692,
                -34.5903359
              ],
              [
                -58.4120091,
                -34.5913119
              ],
              [
                -58.4121708,
                -34.5914999
              ],
              [
                -58.4123351,
                -34.5916908
              ],
              [
                -58.4123796,
                -34.5917426
              ],
              [
                -58.4124428,
                -34.5918106
              ],
              [
                -58.4128812,
                -34.5923174
              ],
              [
                -58.4132518,
                -34.5927513
              ],
              [
                -58.4133836,
                -34.5929056
              ],
              [
                -58.4135248,
                -34.5930708
              ],
              [
                -58.4143897,
                -34.5940471
              ],
              [
                -58.4146348,
                -34.5945965
              ],
              [
                -58.4150538,
                -34.5955805
              ],
              [
                -58.4150589,
                -34.5955925
              ],
              [
                -58.4151401,
                -34.5957919
              ],
              [
                -58.4155203,
                -34.5967258
              ],
              [
                -58.4159719,
                -34.5977909
              ],
              [
                -58.4159885,
                -34.5978556
              ]
            ]
          ],
          [
            [
              [
                -58.3804139,
                -34.568492
              ],
              [
                -58.380375,
                -34.5701309
              ],
              [
                -58.3803249,
                -34.5703759
              ],
              [
                -58.3803982,
                -34.5703856
              ],
              [
                -58.3803887,
                -34.5704311
              ],
              [
                -58.3803821,
                -34.5704629
              ],
              [
                -58.3790464,
                -34.570357
              ],
              [
                -58.3789122,
                -34.570379
              ],
              [
                -58.3787727,
                -34.5704276
              ],
              [
                -58.3770744,
                -34.5714235
              ],
              [
                -58.3763936,
                -34.5718224
              ],
              [
                -58.3758116,
                -34.5721636
              ],
              [
                -58.3748353,
                -34.5728107
              ],
              [
                -58.3712438,
                -34.574858
              ],
              [
                -58.3710848,
                -34.5748965
              ],
              [
                -58.3711616,
                -34.5747855
              ],
              [
                -58.3735524,
                -34.5734151
              ],
              [
                -58.3743217,
                -34.5729569
              ],
              [
                -58.3759443,
                -34.5719703
              ],
              [
                -58.3762813,
                -34.5717995
              ],
              [
                -58.3694485,
                -34.5712317
              ],
              [
                -58.3691597,
                -34.5712139
              ],
              [
                -58.3620551,
                -34.5706523
              ],
              [
                -58.3621344,
                -34.5704381
              ],
              [
                -58.3623415,
                -34.5701808
              ],
              [
                -58.3626491,
                -34.5699924
              ],
              [
                -58.3632216,
                -34.5699461
              ],
              [
                -58.3639745,
                -34.5698764
              ],
              [
                -58.3647165,
                -34.5699466
              ],
              [
                -58.3652489,
                -34.5699456
              ],
              [
                -58.3660232,
                -34.5700371
              ],
              [
                -58.3665288,
                -34.5700965
              ],
              [
                -58.3668184,
                -34.5700826
              ],
              [
                -58.3674655,
                -34.5701488
              ],
              [
                -58.3680691,
                -34.5701193
              ],
              [
                -58.3684288,
                -34.5701594
              ],
              [
                -58.3686179,
                -34.5701323
              ],
              [
                -58.3688529,
                -34.5701144
              ],
              [
                -58.3696192,
                -34.5702714
              ],
              [
                -58.3698229,
                -34.5703033
              ],
              [
                -58.3700188,
                -34.5702572
              ],
              [
                -58.3702123,
                -34.5700478
              ],
              [
                -58.3702682,
                -34.5697487
              ],
              [
                -58.3702954,
                -34.5694615
              ],
              [
                -58.370453,
                -34.5691018
              ],
              [
                -58.3706236,
                -34.5687332
              ],
              [
                -58.3706855,
                -34.5685052
              ],
              [
                -58.370675,
                -34.5684307
              ],
              [
                -58.3706275,
                -34.5683713
              ],
              [
                -58.3704659,
                -34.5683316
              ],
              [
                -58.3703775,
                -34.5683052
              ],
              [
                -58.370297,
                -34.5682974
              ],
              [
                -58.3699697,
                -34.5681461
              ],
              [
                -58.3698543,
                -34.5681133
              ],
              [
                -58.3696487,
                -34.5681045
              ],
              [
                -58.3693815,
                -34.5681464
              ],
              [
                -58.3691274,
                -34.568111
              ],
              [
                -58.3689103,
                -34.5680147
              ],
              [
                -58.3687334,
                -34.5679312
              ],
              [
                -58.3685468,
                -34.5678041
              ],
              [
                -58.3683849,
                -34.5676404
              ],
              [
                -58.3683383,
                -34.5676142
              ],
              [
                -58.3682835,
                -34.5676047
              ],
              [
                -58.3682434,
                -34.5675792
              ],
              [
                -58.3681962,
                -34.5674663
              ],
              [
                -58.3681233,
                -34.5673078
              ],
              [
                -58.3681107,
                -34.5672827
              ],
              [
                -58.3681089,
                -34.5672556
              ],
              [
                -58.3681169,
                -34.5672315
              ],
              [
                -58.3681335,
                -34.5672105
              ],
              [
                -58.368157,
                -34.5671947
              ],
              [
                -58.3681853,
                -34.5671855
              ],
              [
                -58.3682156,
                -34.5671838
              ],
              [
                -58.3801315,
                -34.5682171
              ],
              [
                -58.3802527,
                -34.5682699
              ],
              [
                -58.3802921,
                -34.5683005
              ],
              [
                -58.3803549,
                -34.5683671
              ],
              [
                -58.3804139,
                -34.568492
              ]
            ]
          ]
        ]
      }
    },
    {
      "type": "Feature",
      "properties": {
        "name": "Belgrano",
        "category": "Hip",
        "osmType": "R",
        "osmId": 2222180,
        "source": "https://www.openstreetmap.org/relation/2222180",
        "retrievedAt": "2026-09-24",
        "stroke": "#f43f5e",
        "stroke-width": 2,
        "stroke-opacity": 0.95,
        "fill": "#f43f5e",
        "fill-opacity": 0.16
      },
      "geometry": {
        "type": "Polygon",
        "coordinates": [
          [
            [
              -58.473399,
              -34.5666903
            ],
            [
              -58.4733425,
              -34.5667411
            ],
            [
              -58.4727936,
              -34.5673517
            ],
            [
              -58.4719627,
              -34.5683108
            ],
            [
              -58.4711545,
              -34.5692539
            ],
            [
              -58.4710218,
              -34.569414
            ],
            [
              -58.4704122,
              -34.570154
            ],
            [
              -58.4695827,
              -34.5711575
            ],
            [
              -58.4694468,
              -34.5713178
            ],
            [
              -58.4689345,
              -34.5719077
            ],
            [
              -58.468841,
              -34.5720153
            ],
            [
              -58.4680638,
              -34.572884
            ],
            [
              -58.4676045,
              -34.5726241
            ],
            [
              -58.4673684,
              -34.5724904
            ],
            [
              -58.4671909,
              -34.5725969
            ],
            [
              -58.4662427,
              -34.5731917
            ],
            [
              -58.4660423,
              -34.5733174
            ],
            [
              -58.4649941,
              -34.5739778
            ],
            [
              -58.4635583,
              -34.5748848
            ],
            [
              -58.4633678,
              -34.5750041
            ],
            [
              -58.4632731,
              -34.5749265
            ],
            [
              -58.4631987,
              -34.5748552
            ],
            [
              -58.4625011,
              -34.5741878
            ],
            [
              -58.4623914,
              -34.5740892
            ],
            [
              -58.4616973,
              -34.5734057
            ],
            [
              -58.4615011,
              -34.5732154
            ],
            [
              -58.4608592,
              -34.5725929
            ],
            [
              -58.4607118,
              -34.5724498
            ],
            [
              -58.4606136,
              -34.5723585
            ],
            [
              -58.4602436,
              -34.5719991
            ],
            [
              -58.4597496,
              -34.5715028
            ],
            [
              -58.4596806,
              -34.5714328
            ],
            [
              -58.4596097,
              -34.5713635
            ],
            [
              -58.4587976,
              -34.5705752
            ],
            [
              -58.4587081,
              -34.5704864
            ],
            [
              -58.4585974,
              -34.5703779
            ],
            [
              -58.4581914,
              -34.5699837
            ],
            [
              -58.4579403,
              -34.5698459
            ],
            [
              -58.4579055,
              -34.5698035
            ],
            [
              -58.4577732,
              -34.5696298
            ],
            [
              -58.4577253,
              -34.5695326
            ],
            [
              -58.4576817,
              -34.5694419
            ],
            [
              -58.4576551,
              -34.5693349
            ],
            [
              -58.4576419,
              -34.569251
            ],
            [
              -58.4576187,
              -34.5689369
            ],
            [
              -58.4574547,
              -34.5691283
            ],
            [
              -58.4573568,
              -34.5690288
            ],
            [
              -58.4565602,
              -34.5685548
            ],
            [
              -58.4563328,
              -34.568431
            ],
            [
              -58.4562864,
              -34.5684045
            ],
            [
              -58.4562299,
              -34.5683747
            ],
            [
              -58.4556545,
              -34.5680457
            ],
            [
              -58.4547786,
              -34.5675224
            ],
            [
              -58.4540725,
              -34.5671026
            ],
            [
              -58.454001,
              -34.5670623
            ],
            [
              -58.4538715,
              -34.5669972
            ],
            [
              -58.4525277,
              -34.5661914
            ],
            [
              -58.4524449,
              -34.5661443
            ],
            [
              -58.4523432,
              -34.5661957
            ],
            [
              -58.4517925,
              -34.5664822
            ],
            [
              -58.4509382,
              -34.5669512
            ],
            [
              -58.4508546,
              -34.5669954
            ],
            [
              -58.4507751,
              -34.5670333
            ],
            [
              -58.450149,
              -34.5673675
            ],
            [
              -58.4501189,
              -34.5673837
            ],
            [
              -58.4500011,
              -34.5674471
            ],
            [
              -58.4499184,
              -34.5674916
            ],
            [
              -58.4491661,
              -34.5679045
            ],
            [
              -58.4490952,
              -34.5679428
            ],
            [
              -58.4490545,
              -34.5678875
            ],
            [
              -58.4490251,
              -34.5678492
            ],
            [
              -58.448982,
              -34.5677954
            ],
            [
              -58.4489284,
              -34.5677256
            ],
            [
              -58.448413,
              -34.5672286
            ],
            [
              -58.4478932,
              -34.5667204
            ],
            [
              -58.4477907,
              -34.5666626
            ],
            [
              -58.4473248,
              -34.5663884
            ],
            [
              -58.4464409,
              -34.5658662
            ],
            [
              -58.4455245,
              -34.5653328
            ],
            [
              -58.4446215,
              -34.5647803
            ],
            [
              -58.4438037,
              -34.5643157
            ],
            [
              -58.4436592,
              -34.5642315
            ],
            [
              -58.4427398,
              -34.5636846
            ],
            [
              -58.4426188,
              -34.5636394
            ],
            [
              -58.4424694,
              -34.5635891
            ],
            [
              -58.4419852,
              -34.5630511
            ],
            [
              -58.4414828,
              -34.5625051
            ],
            [
              -58.441183,
              -34.5621412
            ],
            [
              -58.4411121,
              -34.5621558
            ],
            [
              -58.440772,
              -34.5622206
            ],
            [
              -58.4404302,
              -34.5622759
            ],
            [
              -58.4401227,
              -34.5623247
            ],
            [
              -58.4398056,
              -34.5623684
            ],
            [
              -58.4394986,
              -34.5624072
            ],
            [
              -58.439259,
              -34.5624319
            ],
            [
              -58.4391831,
              -34.5624402
            ],
            [
              -58.4388442,
              -34.5624718
            ],
            [
              -58.4385029,
              -34.5624972
            ],
            [
              -58.4382012,
              -34.5625146
            ],
            [
              -58.4378335,
              -34.5625297
            ],
            [
              -58.4375055,
              -34.5625376
            ],
            [
              -58.437086,
              -34.5625436
            ],
            [
              -58.4364208,
              -34.5625474
            ],
            [
              -58.4363259,
              -34.5625485
            ],
            [
              -58.435769,
              -34.562555
            ],
            [
              -58.4354857,
              -34.5625582
            ],
            [
              -58.4354054,
              -34.5625587
            ],
            [
              -58.4354021,
              -34.5625556
            ],
            [
              -58.4353256,
              -34.5624851
            ],
            [
              -58.4352459,
              -34.5624114
            ],
            [
              -58.4352078,
              -34.5623746
            ],
            [
              -58.4351759,
              -34.5623452
            ],
            [
              -58.4349415,
              -34.5621386
            ],
            [
              -58.4349086,
              -34.5620881
            ],
            [
              -58.4348948,
              -34.5620531
            ],
            [
              -58.4348854,
              -34.5619992
            ],
            [
              -58.4348916,
              -34.5619355
            ],
            [
              -58.4349141,
              -34.5617921
            ],
            [
              -58.4353039,
              -34.5618373
            ],
            [
              -58.4355253,
              -34.5618578
            ],
            [
              -58.4360977,
              -34.5619107
            ],
            [
              -58.4364258,
              -34.5619207
            ],
            [
              -58.4367721,
              -34.5619074
            ],
            [
              -58.437082,
              -34.5618807
            ],
            [
              -58.4374951,
              -34.561839
            ],
            [
              -58.4378455,
              -34.5617873
            ],
            [
              -58.4381553,
              -34.5617089
            ],
            [
              -58.4385117,
              -34.5615871
            ],
            [
              -58.4388661,
              -34.5614487
            ],
            [
              -58.43918,
              -34.561307
            ],
            [
              -58.4395061,
              -34.5611302
            ],
            [
              -58.4398155,
              -34.5609324
            ],
            [
              -58.4398686,
              -34.5608984
            ],
            [
              -58.4401324,
              -34.5607002
            ],
            [
              -58.4404982,
              -34.5604159
            ],
            [
              -58.4407139,
              -34.5601909
            ],
            [
              -58.4409318,
              -34.5599218
            ],
            [
              -58.4409707,
              -34.5598611
            ],
            [
              -58.4410408,
              -34.5597368
            ],
            [
              -58.4411115,
              -34.5595738
            ],
            [
              -58.4412137,
              -34.5593111
            ],
            [
              -58.4412992,
              -34.5590586
            ],
            [
              -58.4413567,
              -34.5588393
            ],
            [
              -58.4413641,
              -34.5587595
            ],
            [
              -58.4413547,
              -34.5586902
            ],
            [
              -58.4413327,
              -34.5585885
            ],
            [
              -58.441302,
              -34.558448
            ],
            [
              -58.441261,
              -34.5582998
            ],
            [
              -58.4411683,
              -34.5580905
            ],
            [
              -58.4410704,
              -34.5579371
            ],
            [
              -58.4409599,
              -34.5578001
            ],
            [
              -58.4408292,
              -34.5576557
            ],
            [
              -58.440668,
              -34.5575133
            ],
            [
              -58.4404757,
              -34.5573635
            ],
            [
              -58.4402533,
              -34.5572039
            ],
            [
              -58.4399856,
              -34.5570462
            ],
            [
              -58.4393429,
              -34.5567565
            ],
            [
              -58.4390283,
              -34.5566213
            ],
            [
              -58.4387755,
              -34.5565295
            ],
            [
              -58.4385012,
              -34.5564452
            ],
            [
              -58.4378867,
              -34.5562502
            ],
            [
              -58.4376194,
              -34.5561326
            ],
            [
              -58.4373615,
              -34.5559672
            ],
            [
              -58.4364685,
              -34.555249
            ],
            [
              -58.4361251,
              -34.55498
            ],
            [
              -58.4358226,
              -34.5547889
            ],
            [
              -58.4356534,
              -34.5546972
            ],
            [
              -58.4355757,
              -34.5546593
            ],
            [
              -58.4354072,
              -34.554577
            ],
            [
              -58.4351836,
              -34.5544698
            ],
            [
              -58.4349629,
              -34.5543567
            ],
            [
              -58.4348781,
              -34.5543115
            ],
            [
              -58.4347986,
              -34.5542712
            ],
            [
              -58.4346928,
              -34.554219
            ],
            [
              -58.4343153,
              -34.5540434
            ],
            [
              -58.4342869,
              -34.5540297
            ],
            [
              -58.4342758,
              -34.5540243
            ],
            [
              -58.4342207,
              -34.5539975
            ],
            [
              -58.4340957,
              -34.5539355
            ],
            [
              -58.4343576,
              -34.5537474
            ],
            [
              -58.4343695,
              -34.5537388
            ],
            [
              -58.4344457,
              -34.5536904
            ],
            [
              -58.4345523,
              -34.5536284
            ],
            [
              -58.4345602,
              -34.5536234
            ],
            [
              -58.434594,
              -34.5536019
            ],
            [
              -58.4346117,
              -34.5535912
            ],
            [
              -58.4346844,
              -34.5535473
            ],
            [
              -58.4346602,
              -34.5535066
            ],
            [
              -58.4346446,
              -34.5534621
            ],
            [
              -58.4346385,
              -34.5534182
            ],
            [
              -58.4346298,
              -34.5532867
            ],
            [
              -58.4345848,
              -34.5532063
            ],
            [
              -58.4345407,
              -34.5531608
            ],
            [
              -58.4344668,
              -34.553112
            ],
            [
              -58.434378,
              -34.5530642
            ],
            [
              -58.4341664,
              -34.5529485
            ],
            [
              -58.434083,
              -34.552871
            ],
            [
              -58.4336454,
              -34.5526321
            ],
            [
              -58.4330773,
              -34.5523218
            ],
            [
              -58.4329922,
              -34.5522686
            ],
            [
              -58.4329032,
              -34.5522108
            ],
            [
              -58.4328844,
              -34.5521966
            ],
            [
              -58.4326978,
              -34.55208
            ],
            [
              -58.4316695,
              -34.5514239
            ],
            [
              -58.4314506,
              -34.5513427
            ],
            [
              -58.4311526,
              -34.5511987
            ],
            [
              -58.4310089,
              -34.5511338
            ],
            [
              -58.430851,
              -34.5510835
            ],
            [
              -58.4306698,
              -34.5510461
            ],
            [
              -58.4304887,
              -34.5510202
            ],
            [
              -58.4299617,
              -34.5509535
            ],
            [
              -58.4297942,
              -34.5509391
            ],
            [
              -58.4296239,
              -34.5509356
            ],
            [
              -58.429586,
              -34.5509349
            ],
            [
              -58.4294598,
              -34.5509409
            ],
            [
              -58.4293295,
              -34.5509536
            ],
            [
              -58.4291662,
              -34.5509704
            ],
            [
              -58.4288321,
              -34.5510368
            ],
            [
              -58.42854,
              -34.5511794
            ],
            [
              -58.4283504,
              -34.5512986
            ],
            [
              -58.4281151,
              -34.5514203
            ],
            [
              -58.4278969,
              -34.5515241
            ],
            [
              -58.4276787,
              -34.5516224
            ],
            [
              -58.4274062,
              -34.5517447
            ],
            [
              -58.4273353,
              -34.5517748
            ],
            [
              -58.4271598,
              -34.5518492
            ],
            [
              -58.4270966,
              -34.5518755
            ],
            [
              -58.4270028,
              -34.5519142
            ],
            [
              -58.4269582,
              -34.5519328
            ],
            [
              -58.426871,
              -34.5519677
            ],
            [
              -58.4267675,
              -34.5520091
            ],
            [
              -58.4263669,
              -34.5521695
            ],
            [
              -58.4258241,
              -34.552382
            ],
            [
              -58.4256882,
              -34.5521599
            ],
            [
              -58.4257213,
              -34.5521463
            ],
            [
              -58.4257446,
              -34.5521368
            ],
            [
              -58.4256546,
              -34.5519658
            ],
            [
              -58.4260258,
              -34.5518332
            ],
            [
              -58.4261158,
              -34.5520042
            ],
            [
              -58.4265166,
              -34.5518267
            ],
            [
              -58.4264616,
              -34.551737
            ],
            [
              -58.4264997,
              -34.5517212
            ],
            [
              -58.4265515,
              -34.5516997
            ],
            [
              -58.426227,
              -34.5510915
            ],
            [
              -58.426034,
              -34.5506639
            ],
            [
              -58.426038,
              -34.5506115
            ],
            [
              -58.4255577,
              -34.5496502
            ],
            [
              -58.4255842,
              -34.5495907
            ],
            [
              -58.4253773,
              -34.5491411
            ],
            [
              -58.4254581,
              -34.5490781
            ],
            [
              -58.4255454,
              -34.5488501
            ],
            [
              -58.4257425,
              -34.5487066
            ],
            [
              -58.4257656,
              -34.5487332
            ],
            [
              -58.4258115,
              -34.5487858
            ],
            [
              -58.4258352,
              -34.5487744
            ],
            [
              -58.4259605,
              -34.5487163
            ],
            [
              -58.4259501,
              -34.5487025
            ],
            [
              -58.425981,
              -34.548691
            ],
            [
              -58.4259384,
              -34.5486056
            ],
            [
              -58.4260869,
              -34.5485258
            ],
            [
              -58.4260798,
              -34.5485046
            ],
            [
              -58.4264308,
              -34.5482939
            ],
            [
              -58.4268346,
              -34.5481267
            ],
            [
              -58.4270691,
              -34.5480535
            ],
            [
              -58.4274023,
              -34.5480349
            ],
            [
              -58.4277376,
              -34.5480566
            ],
            [
              -58.4280979,
              -34.5481452
            ],
            [
              -58.4284155,
              -34.5482506
            ],
            [
              -58.4287606,
              -34.5484021
            ],
            [
              -58.4292296,
              -34.548568
            ],
            [
              -58.4296257,
              -34.548695
            ],
            [
              -58.4296859,
              -34.5485248
            ],
            [
              -58.429836,
              -34.5482658
            ],
            [
              -58.4300466,
              -34.5480455
            ],
            [
              -58.4299397,
              -34.5479522
            ],
            [
              -58.4298497,
              -34.547844
            ],
            [
              -58.4297654,
              -34.5477053
            ],
            [
              -58.4297208,
              -34.5475657
            ],
            [
              -58.4297025,
              -34.5474442
            ],
            [
              -58.4297141,
              -34.5473362
            ],
            [
              -58.4297252,
              -34.5472657
            ],
            [
              -58.4297669,
              -34.5471509
            ],
            [
              -58.4298083,
              -34.5470698
            ],
            [
              -58.429893,
              -34.5469398
            ],
            [
              -58.4300418,
              -34.5467894
            ],
            [
              -58.4301871,
              -34.5466375
            ],
            [
              -58.4302713,
              -34.5465346
            ],
            [
              -58.430566,
              -34.546149
            ],
            [
              -58.4307504,
              -34.5458329
            ],
            [
              -58.4308545,
              -34.545608
            ],
            [
              -58.4309508,
              -34.5453848
            ],
            [
              -58.4311683,
              -34.5450048
            ],
            [
              -58.4313051,
              -34.544806
            ],
            [
              -58.4314639,
              -34.5446172
            ],
            [
              -58.4316002,
              -34.5444625
            ],
            [
              -58.4317517,
              -34.5443122
            ],
            [
              -58.4320127,
              -34.5440859
            ],
            [
              -58.4323479,
              -34.5438507
            ],
            [
              -58.432668,
              -34.5436504
            ],
            [
              -58.4329708,
              -34.5434694
            ],
            [
              -58.4332283,
              -34.5433357
            ],
            [
              -58.4335528,
              -34.5431811
            ],
            [
              -58.433915,
              -34.5430298
            ],
            [
              -58.4340348,
              -34.5429779
            ],
            [
              -58.434071,
              -34.5429633
            ],
            [
              -58.4341832,
              -34.5429183
            ],
            [
              -58.4343966,
              -34.542775
            ],
            [
              -58.4345649,
              -34.5426343
            ],
            [
              -58.4347461,
              -34.5424214
            ],
            [
              -58.4348361,
              -34.5421925
            ],
            [
              -58.4348857,
              -34.5420022
            ],
            [
              -58.4349095,
              -34.5419054
            ],
            [
              -58.4351285,
              -34.5414937
            ],
            [
              -58.4353622,
              -34.5411204
            ],
            [
              -58.4356116,
              -34.5408488
            ],
            [
              -58.4359536,
              -34.5405717
            ],
            [
              -58.4362367,
              -34.5403884
            ],
            [
              -58.4364862,
              -34.540251
            ],
            [
              -58.4367023,
              -34.5401626
            ],
            [
              -58.436945,
              -34.5400885
            ],
            [
              -58.4371144,
              -34.5400517
            ],
            [
              -58.4372954,
              -34.5400179
            ],
            [
              -58.4373438,
              -34.5400112
            ],
            [
              -58.4373959,
              -34.5400042
            ],
            [
              -58.4375153,
              -34.5399883
            ],
            [
              -58.4377064,
              -34.5399668
            ],
            [
              -58.4380439,
              -34.5399406
            ],
            [
              -58.4384023,
              -34.5399521
            ],
            [
              -58.4387018,
              -34.5400009
            ],
            [
              -58.4389122,
              -34.5400442
            ],
            [
              -58.4390872,
              -34.5400899
            ],
            [
              -58.4392285,
              -34.5401343
            ],
            [
              -58.4393231,
              -34.5401025
            ],
            [
              -58.4393676,
              -34.5400919
            ],
            [
              -58.4394117,
              -34.5400844
            ],
            [
              -58.4395054,
              -34.540055
            ],
            [
              -58.4395653,
              -34.5400312
            ],
            [
              -58.439634,
              -34.5400104
            ],
            [
              -58.4397086,
              -34.5399819
            ],
            [
              -58.4398168,
              -34.5398992
            ],
            [
              -58.4399154,
              -34.5398582
            ],
            [
              -58.4400814,
              -34.5397603
            ],
            [
              -58.4402069,
              -34.5396943
            ],
            [
              -58.4402093,
              -34.5398513
            ],
            [
              -58.4403092,
              -34.5398509
            ],
            [
              -58.4403102,
              -34.5398816
            ],
            [
              -58.4403715,
              -34.5398804
            ],
            [
              -58.4403729,
              -34.5399138
            ],
            [
              -58.4407999,
              -34.5399029
            ],
            [
              -58.4407984,
              -34.5398627
            ],
            [
              -58.4408681,
              -34.5398609
            ],
            [
              -58.4408283,
              -34.5391514
            ],
            [
              -58.441088,
              -34.5391524
            ],
            [
              -58.4410744,
              -34.5385883
            ],
            [
              -58.4410856,
              -34.5385881
            ],
            [
              -58.4411248,
              -34.5385871
            ],
            [
              -58.4413349,
              -34.538584
            ],
            [
              -58.4415046,
              -34.5378573
            ],
            [
              -58.4415217,
              -34.5378608
            ],
            [
              -58.4415576,
              -34.5378668
            ],
            [
              -58.4417585,
              -34.5379055
            ],
            [
              -58.4421508,
              -34.5372563
            ],
            [
              -58.4421938,
              -34.5372726
            ],
            [
              -58.4422873,
              -34.5372967
            ],
            [
              -58.4428159,
              -34.5367611
            ],
            [
              -58.443619,
              -34.5363044
            ],
            [
              -58.4436416,
              -34.5363313
            ],
            [
              -58.4436827,
              -34.536374
            ],
            [
              -58.4439553,
              -34.5362398
            ],
            [
              -58.4441054,
              -34.5362004
            ],
            [
              -58.4450468,
              -34.5360381
            ],
            [
              -58.4454063,
              -34.5359491
            ],
            [
              -58.4457512,
              -34.5359276
            ],
            [
              -58.4459376,
              -34.5359422
            ],
            [
              -58.4461114,
              -34.5359268
            ],
            [
              -58.4462382,
              -34.5359326
            ],
            [
              -58.4463635,
              -34.5359617
            ],
            [
              -58.4465267,
              -34.5360098
            ],
            [
              -58.4466749,
              -34.5360918
            ],
            [
              -58.4468787,
              -34.5361411
            ],
            [
              -58.447395,
              -34.5363767
            ],
            [
              -58.4476858,
              -34.5365171
            ],
            [
              -58.4480833,
              -34.5368123
            ],
            [
              -58.4481314,
              -34.536918
            ],
            [
              -58.4481312,
              -34.536966
            ],
            [
              -58.4479769,
              -34.5370059
            ],
            [
              -58.4478907,
              -34.5370724
            ],
            [
              -58.4479649,
              -34.5371558
            ],
            [
              -58.4485639,
              -34.5374067
            ],
            [
              -58.4486842,
              -34.5373505
            ],
            [
              -58.4486915,
              -34.5372501
            ],
            [
              -58.4493175,
              -34.5364608
            ],
            [
              -58.4493753,
              -34.536338
            ],
            [
              -58.4493682,
              -34.5362419
            ],
            [
              -58.4492929,
              -34.5361462
            ],
            [
              -58.448837,
              -34.535866
            ],
            [
              -58.4487793,
              -34.5357939
            ],
            [
              -58.4487727,
              -34.5357025
            ],
            [
              -58.448888,
              -34.5355844
            ],
            [
              -58.4489397,
              -34.5355502
            ],
            [
              -58.449041,
              -34.5355411
            ],
            [
              -58.4491004,
              -34.5355662
            ],
            [
              -58.4492828,
              -34.5356788
            ],
            [
              -58.4493636,
              -34.5357015
            ],
            [
              -58.4494521,
              -34.5357528
            ],
            [
              -58.4495016,
              -34.5358283
            ],
            [
              -58.4498421,
              -34.5360438
            ],
            [
              -58.4500241,
              -34.536078
            ],
            [
              -58.4499964,
              -34.5363223
            ],
            [
              -58.4498783,
              -34.5373661
            ],
            [
              -58.4499531,
              -34.537429
            ],
            [
              -58.4500857,
              -34.5375406
            ],
            [
              -58.4503835,
              -34.5377615
            ],
            [
              -58.4506599,
              -34.5379393
            ],
            [
              -58.4512846,
              -34.5383412
            ],
            [
              -58.4514343,
              -34.5384896
            ],
            [
              -58.4516843,
              -34.5387375
            ],
            [
              -58.4521939,
              -34.5396461
            ],
            [
              -58.4527812,
              -34.5394414
            ],
            [
              -58.4528463,
              -34.5394187
            ],
            [
              -58.4531898,
              -34.5392655
            ],
            [
              -58.453228,
              -34.5392485
            ],
            [
              -58.4535573,
              -34.5391016
            ],
            [
              -58.4538179,
              -34.5389853
            ],
            [
              -58.4542609,
              -34.5387058
            ],
            [
              -58.4544237,
              -34.5384466
            ],
            [
              -58.4544773,
              -34.5383612
            ],
            [
              -58.4546236,
              -34.5381283
            ],
            [
              -58.454727,
              -34.537812
            ],
            [
              -58.4547448,
              -34.5377375
            ],
            [
              -58.4547745,
              -34.537737
            ],
            [
              -58.4548354,
              -34.537536
            ],
            [
              -58.4548621,
              -34.5375122
            ],
            [
              -58.4548251,
              -34.5374488
            ],
            [
              -58.4547808,
              -34.5373214
            ],
            [
              -58.4546176,
              -34.5370665
            ],
            [
              -58.4545367,
              -34.5369963
            ],
            [
              -58.4544503,
              -34.5369213
            ],
            [
              -58.4542048,
              -34.5367121
            ],
            [
              -58.4538909,
              -34.5364395
            ],
            [
              -58.453557,
              -34.536169
            ],
            [
              -58.4533736,
              -34.5360142
            ],
            [
              -58.4530072,
              -34.5357049
            ],
            [
              -58.4506685,
              -34.5355824
            ],
            [
              -58.4503633,
              -34.5355664
            ],
            [
              -58.45005,
              -34.5352791
            ],
            [
              -58.4500283,
              -34.5348084
            ],
            [
              -58.4501187,
              -34.5343723
            ],
            [
              -58.4505275,
              -34.5334248
            ],
            [
              -58.4506881,
              -34.533023
            ],
            [
              -58.4507656,
              -34.5325013
            ],
            [
              -58.450892,
              -34.5320596
            ],
            [
              -58.4511806,
              -34.5318835
            ],
            [
              -58.4516303,
              -34.531711
            ],
            [
              -58.4516926,
              -34.5317146
            ],
            [
              -58.4517653,
              -34.5317414
            ],
            [
              -58.451979,
              -34.5315684
            ],
            [
              -58.4540302,
              -34.5347244
            ],
            [
              -58.454293,
              -34.5350205
            ],
            [
              -58.4546525,
              -34.535319
            ],
            [
              -58.4585832,
              -34.5371521
            ],
            [
              -58.4588447,
              -34.537314
            ],
            [
              -58.4591424,
              -34.5375193
            ],
            [
              -58.4594153,
              -34.537766
            ],
            [
              -58.4586249,
              -34.5383279
            ],
            [
              -58.4580768,
              -34.5386709
            ],
            [
              -58.4572948,
              -34.5390881
            ],
            [
              -58.456043,
              -34.539696
            ],
            [
              -58.4548503,
              -34.5402561
            ],
            [
              -58.4545318,
              -34.5403873
            ],
            [
              -58.4541862,
              -34.5405063
            ],
            [
              -58.4539125,
              -34.5405859
            ],
            [
              -58.453647,
              -34.5406557
            ],
            [
              -58.4527895,
              -34.5408842
            ],
            [
              -58.4525408,
              -34.5409623
            ],
            [
              -58.4522784,
              -34.541051
            ],
            [
              -58.4520359,
              -34.5411492
            ],
            [
              -58.4519988,
              -34.5411642
            ],
            [
              -58.4519102,
              -34.541205
            ],
            [
              -58.4515573,
              -34.5413673
            ],
            [
              -58.4511985,
              -34.5415528
            ],
            [
              -58.4502585,
              -34.5420787
            ],
            [
              -58.4492664,
              -34.5426279
            ],
            [
              -58.449679,
              -34.5431681
            ],
            [
              -58.4503743,
              -34.5440419
            ],
            [
              -58.4507097,
              -34.5444792
            ],
            [
              -58.4507871,
              -34.5445851
            ],
            [
              -58.4511207,
              -34.5450115
            ],
            [
              -58.4511745,
              -34.5450817
            ],
            [
              -58.451197,
              -34.5451095
            ],
            [
              -58.4512216,
              -34.5451398
            ],
            [
              -58.4519648,
              -34.5460931
            ],
            [
              -58.4519984,
              -34.5461362
            ],
            [
              -58.4520544,
              -34.5462082
            ],
            [
              -58.4521021,
              -34.5462713
            ],
            [
              -58.4521455,
              -34.5463296
            ],
            [
              -58.4522111,
              -34.5464138
            ],
            [
              -58.4522951,
              -34.5465217
            ],
            [
              -58.4527776,
              -34.5471404
            ],
            [
              -58.4528489,
              -34.5472318
            ],
            [
              -58.4532786,
              -34.5477876
            ],
            [
              -58.4535356,
              -34.5481199
            ],
            [
              -58.4536319,
              -34.5482514
            ],
            [
              -58.4536896,
              -34.5483276
            ],
            [
              -58.4537344,
              -34.5484646
            ],
            [
              -58.4537499,
              -34.5484943
            ],
            [
              -58.4537747,
              -34.5485286
            ],
            [
              -58.453825,
              -34.5485943
            ],
            [
              -58.4538983,
              -34.5486772
            ],
            [
              -58.45396,
              -34.5487362
            ],
            [
              -58.4540268,
              -34.5488229
            ],
            [
              -58.4540636,
              -34.5488711
            ],
            [
              -58.4540945,
              -34.5489157
            ],
            [
              -58.4541187,
              -34.548956
            ],
            [
              -58.4541321,
              -34.5489798
            ],
            [
              -58.4541462,
              -34.5490106
            ],
            [
              -58.4541562,
              -34.549035
            ],
            [
              -58.4541686,
              -34.5490707
            ],
            [
              -58.4541727,
              -34.5490835
            ],
            [
              -58.4541806,
              -34.5491152
            ],
            [
              -58.4542716,
              -34.549191
            ],
            [
              -58.4541722,
              -34.5492838
            ],
            [
              -58.4540322,
              -34.5494092
            ],
            [
              -58.4540059,
              -34.5494367
            ],
            [
              -58.4538817,
              -34.5495513
            ],
            [
              -58.4536199,
              -34.5497842
            ],
            [
              -58.4533375,
              -34.5501214
            ],
            [
              -58.4532645,
              -34.5502029
            ],
            [
              -58.4530877,
              -34.5504113
            ],
            [
              -58.4530185,
              -34.5504899
            ],
            [
              -58.4531233,
              -34.5505415
            ],
            [
              -58.4542834,
              -34.5511612
            ],
            [
              -58.4554643,
              -34.551782
            ],
            [
              -58.4565164,
              -34.5523366
            ],
            [
              -58.4570259,
              -34.5525977
            ],
            [
              -58.4578918,
              -34.5530447
            ],
            [
              -58.45826,
              -34.5532337
            ],
            [
              -58.4587167,
              -34.5534658
            ],
            [
              -58.4588347,
              -34.5535261
            ],
            [
              -58.4594859,
              -34.553875
            ],
            [
              -58.4604187,
              -34.5543673
            ],
            [
              -58.4613625,
              -34.5548635
            ],
            [
              -58.462314,
              -34.5553704
            ],
            [
              -58.4624099,
              -34.5554185
            ],
            [
              -58.4624618,
              -34.5554402
            ],
            [
              -58.4625053,
              -34.5554585
            ],
            [
              -58.4626004,
              -34.5554982
            ],
            [
              -58.4626576,
              -34.5555221
            ],
            [
              -58.4629416,
              -34.5556589
            ],
            [
              -58.4631025,
              -34.5557416
            ],
            [
              -58.463262,
              -34.5558251
            ],
            [
              -58.4634157,
              -34.5559038
            ],
            [
              -58.4635324,
              -34.5559635
            ],
            [
              -58.4637484,
              -34.556074
            ],
            [
              -58.4640083,
              -34.5562156
            ],
            [
              -58.4643445,
              -34.556388
            ],
            [
              -58.4651372,
              -34.5568048
            ],
            [
              -58.4652688,
              -34.5568681
            ],
            [
              -58.4654403,
              -34.5569697
            ],
            [
              -58.4662144,
              -34.5573733
            ],
            [
              -58.4667997,
              -34.5576775
            ],
            [
              -58.4669021,
              -34.5577307
            ],
            [
              -58.4671892,
              -34.5578786
            ],
            [
              -58.4673446,
              -34.5579619
            ],
            [
              -58.4682278,
              -34.5584325
            ],
            [
              -58.4690622,
              -34.5588608
            ],
            [
              -58.4691953,
              -34.5589315
            ],
            [
              -58.4685723,
              -34.5596082
            ],
            [
              -58.4685595,
              -34.559622
            ],
            [
              -58.4684774,
              -34.5597108
            ],
            [
              -58.4677889,
              -34.5604866
            ],
            [
              -58.4677571,
              -34.5605225
            ],
            [
              -58.4677159,
              -34.5605671
            ],
            [
              -58.4670447,
              -34.56131
            ],
            [
              -58.4676677,
              -34.5616761
            ],
            [
              -58.4669604,
              -34.5619875
            ],
            [
              -58.4664652,
              -34.5621769
            ],
            [
              -58.4667072,
              -34.5623531
            ],
            [
              -58.4668287,
              -34.5624416
            ],
            [
              -58.4668934,
              -34.5624887
            ],
            [
              -58.4675478,
              -34.5629634
            ],
            [
              -58.4684444,
              -34.5635677
            ],
            [
              -58.4686133,
              -34.5636637
            ],
            [
              -58.4687432,
              -34.56375
            ],
            [
              -58.4688713,
              -34.5638338
            ],
            [
              -58.4690893,
              -34.5639751
            ],
            [
              -58.4696133,
              -34.5643145
            ],
            [
              -58.4699647,
              -34.5645472
            ],
            [
              -58.4700992,
              -34.5646366
            ],
            [
              -58.4701953,
              -34.5646998
            ],
            [
              -58.4704398,
              -34.5648644
            ],
            [
              -58.4705303,
              -34.5649223
            ],
            [
              -58.470709,
              -34.5650346
            ],
            [
              -58.4708615,
              -34.5651323
            ],
            [
              -58.4709182,
              -34.5651682
            ],
            [
              -58.4710598,
              -34.565258
            ],
            [
              -58.4712808,
              -34.5653962
            ],
            [
              -58.4713841,
              -34.5654573
            ],
            [
              -58.4723884,
              -34.5660808
            ],
            [
              -58.4728412,
              -34.5663571
            ],
            [
              -58.4729042,
              -34.5663955
            ],
            [
              -58.473399,
              -34.5666903
            ]
          ]
        ]
      }
    }
  ]
}
