{
  "type": "FeatureCollection",
  "features": [
    {
      "type": "Feature",
      "properties": {
        "name": "Ipanema",
        "category": "Tourist",
        "osmType": "R",
        "osmId": 5516122,
        "source": "https://www.openstreetmap.org/relation/5516122",
        "retrievedAt": "2026-09-24",
        "stroke": "#f59e0b",
        "stroke-width": 2,
        "stroke-opacity": 0.95,
        "fill": "#f59e0b",
        "fill-opacity": 0.16
      },
      "geometry": {
        "type": "MultiPolygon",
        "coordinates": [
          [
            [
              [
                -43.2156471,
                -22.9848607
              ],
              [
                -43.2156385,
                -22.9851522
              ],
              [
                -43.2156145,
                -22.9854438
              ],
              [
                -43.2155565,
                -22.9860246
              ],
              [
                -43.2155116,
                -22.9863715
              ],
              [
                -43.2154261,
                -22.987037
              ],
              [
                -43.215398,
                -22.9872792
              ],
              [
                -43.2109904,
                -22.9873082
              ],
              [
                -43.2100998,
                -22.987274
              ],
              [
                -43.2090115,
                -22.9872647
              ],
              [
                -43.2084545,
                -22.9872573
              ],
              [
                -43.207695,
                -22.9872658
              ],
              [
                -43.2068775,
                -22.9873136
              ],
              [
                -43.2065368,
                -22.9873294
              ],
              [
                -43.2063532,
                -22.9873381
              ],
              [
                -43.2059401,
                -22.9873529
              ],
              [
                -43.2055378,
                -22.9873628
              ],
              [
                -43.2039741,
                -22.987469
              ],
              [
                -43.2034028,
                -22.9875184
              ],
              [
                -43.2028395,
                -22.9875653
              ],
              [
                -43.202295,
                -22.9876221
              ],
              [
                -43.2018685,
                -22.9876591
              ],
              [
                -43.2014716,
                -22.9876616
              ],
              [
                -43.2010035,
                -22.9876678
              ],
              [
                -43.2006696,
                -22.9876813
              ],
              [
                -43.2002324,
                -22.9876912
              ],
              [
                -43.1993634,
                -22.9877184
              ],
              [
                -43.1987464,
                -22.9877801
              ],
              [
                -43.1982449,
                -22.9878641
              ],
              [
                -43.1978399,
                -22.9879023
              ],
              [
                -43.1972645,
                -22.9879628
              ],
              [
                -43.1968126,
                -22.9880172
              ],
              [
                -43.1963566,
                -22.9880814
              ],
              [
                -43.1958121,
                -22.9881777
              ],
              [
                -43.1954339,
                -22.9882344
              ],
              [
                -43.1946968,
                -22.9883939
              ],
              [
                -43.1932523,
                -22.9887203
              ],
              [
                -43.1925864,
                -22.988927
              ],
              [
                -43.1919117,
                -22.9892235
              ],
              [
                -43.1916083,
                -22.9894843
              ],
              [
                -43.1913757,
                -22.9897826
              ],
              [
                -43.1913785,
                -22.9898133
              ],
              [
                -43.1914208,
                -22.9898241
              ],
              [
                -43.1914647,
                -22.9898668
              ],
              [
                -43.1915097,
                -22.9898783
              ],
              [
                -43.1915334,
                -22.9899148
              ],
              [
                -43.1915999,
                -22.9899569
              ],
              [
                -43.1916275,
                -22.9899853
              ],
              [
                -43.1916145,
                -22.9899995
              ],
              [
                -43.1915019,
                -22.989972
              ],
              [
                -43.1915262,
                -22.9899911
              ],
              [
                -43.1915599,
                -22.9900145
              ],
              [
                -43.1915657,
                -22.9900236
              ],
              [
                -43.1915644,
                -22.9900295
              ],
              [
                -43.1915553,
                -22.990034
              ],
              [
                -43.1915464,
                -22.9900348
              ],
              [
                -43.1915087,
                -22.9900285
              ],
              [
                -43.191458,
                -22.9900134
              ],
              [
                -43.1914731,
                -22.9900347
              ],
              [
                -43.1914522,
                -22.9900892
              ],
              [
                -43.1914949,
                -22.9901022
              ],
              [
                -43.1915368,
                -22.9901207
              ],
              [
                -43.1915424,
                -22.9901328
              ],
              [
                -43.1915432,
                -22.9901393
              ],
              [
                -43.1915502,
                -22.9901497
              ],
              [
                -43.1915633,
                -22.9901573
              ],
              [
                -43.1915888,
                -22.9901637
              ],
              [
                -43.1916357,
                -22.9901961
              ],
              [
                -43.1916602,
                -22.9902406
              ],
              [
                -43.1916559,
                -22.9902498
              ],
              [
                -43.1916466,
                -22.9902506
              ],
              [
                -43.1916187,
                -22.9902436
              ],
              [
                -43.1916422,
                -22.9902639
              ],
              [
                -43.1916451,
                -22.990277
              ],
              [
                -43.1916416,
                -22.990296
              ],
              [
                -43.1916303,
                -22.9903041
              ],
              [
                -43.1916081,
                -22.9903106
              ],
              [
                -43.1915726,
                -22.990295
              ],
              [
                -43.1914911,
                -22.9903017
              ],
              [
                -43.1914879,
                -22.990329
              ],
              [
                -43.1915085,
                -22.9903545
              ],
              [
                -43.1915235,
                -22.9903724
              ],
              [
                -43.1915528,
                -22.990376
              ],
              [
                -43.1915487,
                -22.9903995
              ],
              [
                -43.1915237,
                -22.9904214
              ],
              [
                -43.1915281,
                -22.9904314
              ],
              [
                -43.1916399,
                -22.9904616
              ],
              [
                -43.1917103,
                -22.9904777
              ],
              [
                -43.1917921,
                -22.9905141
              ],
              [
                -43.1918056,
                -22.9905356
              ],
              [
                -43.1918207,
                -22.9905674
              ],
              [
                -43.1918559,
                -22.9905561
              ],
              [
                -43.1918817,
                -22.9905552
              ],
              [
                -43.1919564,
                -22.9905919
              ],
              [
                -43.1919933,
                -22.990616
              ],
              [
                -43.1920222,
                -22.9906446
              ],
              [
                -43.1920356,
                -22.9906666
              ],
              [
                -43.1920369,
                -22.9906919
              ],
              [
                -43.1920335,
                -22.9907178
              ],
              [
                -43.1920262,
                -22.9907363
              ],
              [
                -43.1920191,
                -22.9907431
              ],
              [
                -43.1920044,
                -22.9907476
              ],
              [
                -43.1919517,
                -22.9907413
              ],
              [
                -43.1919182,
                -22.9907333
              ],
              [
                -43.1918699,
                -22.9907191
              ],
              [
                -43.1918461,
                -22.9907067
              ],
              [
                -43.191829,
                -22.99069
              ],
              [
                -43.1918176,
                -22.990678
              ],
              [
                -43.1918082,
                -22.990674
              ],
              [
                -43.1917999,
                -22.9906734
              ],
              [
                -43.1917919,
                -22.9906743
              ],
              [
                -43.1917846,
                -22.9906776
              ],
              [
                -43.1917802,
                -22.9906816
              ],
              [
                -43.1917774,
                -22.9906876
              ],
              [
                -43.1917767,
                -22.9906993
              ],
              [
                -43.1917784,
                -22.9907141
              ],
              [
                -43.1917801,
                -22.9907308
              ],
              [
                -43.1917834,
                -22.990761
              ],
              [
                -43.1917885,
                -22.9907879
              ],
              [
                -43.1917972,
                -22.990799
              ],
              [
                -43.1918129,
                -22.9908073
              ],
              [
                -43.1918324,
                -22.9908098
              ],
              [
                -43.1918612,
                -22.9908116
              ],
              [
                -43.1918766,
                -22.9908191
              ],
              [
                -43.1918894,
                -22.990832
              ],
              [
                -43.1918934,
                -22.990845
              ],
              [
                -43.1918914,
                -22.9908647
              ],
              [
                -43.1918723,
                -22.9908859
              ],
              [
                -43.1918585,
                -22.9908993
              ],
              [
                -43.1918196,
                -22.9909098
              ],
              [
                -43.1917861,
                -22.9909092
              ],
              [
                -43.1917452,
                -22.9908826
              ],
              [
                -43.1917258,
                -22.9908561
              ],
              [
                -43.1917036,
                -22.9908271
              ],
              [
                -43.1916822,
                -22.9908166
              ],
              [
                -43.1916527,
                -22.9908172
              ],
              [
                -43.1916252,
                -22.9908197
              ],
              [
                -43.1916127,
                -22.9908193
              ],
              [
                -43.1915987,
                -22.9908247
              ],
              [
                -43.1915265,
                -22.9908166
              ],
              [
                -43.1915322,
                -22.9908335
              ],
              [
                -43.1914631,
                -22.9908773
              ],
              [
                -43.191443,
                -22.9908764
              ],
              [
                -43.1914231,
                -22.9908755
              ],
              [
                -43.1914416,
                -22.9908987
              ],
              [
                -43.1914526,
                -22.9909266
              ],
              [
                -43.1915443,
                -22.9909469
              ],
              [
                -43.1915265,
                -22.9909663
              ],
              [
                -43.1915158,
                -22.9909912
              ],
              [
                -43.1914954,
                -22.9910057
              ],
              [
                -43.1914743,
                -22.9909919
              ],
              [
                -43.1914126,
                -22.9909987
              ],
              [
                -43.1913207,
                -22.9910061
              ],
              [
                -43.1912651,
                -22.9910098
              ],
              [
                -43.1912228,
                -22.9910018
              ],
              [
                -43.1912047,
                -22.9909888
              ],
              [
                -43.1911987,
                -22.9909672
              ],
              [
                -43.1912047,
                -22.9909258
              ],
              [
                -43.1912121,
                -22.9909018
              ],
              [
                -43.1912383,
                -22.9908789
              ],
              [
                -43.1912688,
                -22.990861
              ],
              [
                -43.1912916,
                -22.9908567
              ],
              [
                -43.1913124,
                -22.9908519
              ],
              [
                -43.1913238,
                -22.990845
              ],
              [
                -43.1913291,
                -22.9908354
              ],
              [
                -43.1913305,
                -22.9908266
              ],
              [
                -43.191329,
                -22.9908187
              ],
              [
                -43.1913248,
                -22.9908123
              ],
              [
                -43.19131,
                -22.9908012
              ],
              [
                -43.1912906,
                -22.9907968
              ],
              [
                -43.19125,
                -22.9907987
              ],
              [
                -43.1911303,
                -22.9907999
              ],
              [
                -43.1910529,
                -22.9908008
              ],
              [
                -43.191045,
                -22.9908021
              ],
              [
                -43.1910395,
                -22.9908049
              ],
              [
                -43.1910348,
                -22.990811
              ],
              [
                -43.1910339,
                -22.9908153
              ],
              [
                -43.1910348,
                -22.9908203
              ],
              [
                -43.1910385,
                -22.9908258
              ],
              [
                -43.1910435,
                -22.9908299
              ],
              [
                -43.1910513,
                -22.9908312
              ],
              [
                -43.1910596,
                -22.9908305
              ],
              [
                -43.191083,
                -22.9908266
              ],
              [
                -43.1911089,
                -22.9908274
              ],
              [
                -43.1911327,
                -22.9908404
              ],
              [
                -43.1911397,
                -22.9908573
              ],
              [
                -43.1911384,
                -22.9908814
              ],
              [
                -43.1911353,
                -22.9908934
              ],
              [
                -43.1911162,
                -22.9909086
              ],
              [
                -43.191072,
                -22.9909209
              ],
              [
                -43.1910063,
                -22.990924
              ],
              [
                -43.1908889,
                -22.9909339
              ],
              [
                -43.1908071,
                -22.9909542
              ],
              [
                -43.1907179,
                -22.9909709
              ],
              [
                -43.1906649,
                -22.9909728
              ],
              [
                -43.1905992,
                -22.9909542
              ],
              [
                -43.1905067,
                -22.9908999
              ],
              [
                -43.1904531,
                -22.9908604
              ],
              [
                -43.1903981,
                -22.9908147
              ],
              [
                -43.1903235,
                -22.9907842
              ],
              [
                -43.1903199,
                -22.9907494
              ],
              [
                -43.190326,
                -22.990737
              ],
              [
                -43.1903196,
                -22.9907196
              ],
              [
                -43.1902957,
                -22.9907218
              ],
              [
                -43.1901902,
                -22.990732
              ],
              [
                -43.1900375,
                -22.9907501
              ],
              [
                -43.1900116,
                -22.990746
              ],
              [
                -43.1900006,
                -22.9907386
              ],
              [
                -43.1899894,
                -22.99072
              ],
              [
                -43.1899881,
                -22.9907091
              ],
              [
                -43.1900038,
                -22.9906937
              ],
              [
                -43.1899763,
                -22.9906752
              ],
              [
                -43.1899169,
                -22.9906842
              ],
              [
                -43.1898825,
                -22.9906917
              ],
              [
                -43.189851,
                -22.9907074
              ],
              [
                -43.1898537,
                -22.9907232
              ],
              [
                -43.1898198,
                -22.9907332
              ],
              [
                -43.1897481,
                -22.9907398
              ],
              [
                -43.1897158,
                -22.9907438
              ],
              [
                -43.1896797,
                -22.9907414
              ],
              [
                -43.1896748,
                -22.9906899
              ],
              [
                -43.1897,
                -22.9906897
              ],
              [
                -43.1897355,
                -22.9906687
              ],
              [
                -43.1897697,
                -22.9906148
              ],
              [
                -43.1897758,
                -22.9906001
              ],
              [
                -43.1897919,
                -22.9905838
              ],
              [
                -43.1897926,
                -22.9905592
              ],
              [
                -43.1897993,
                -22.9905393
              ],
              [
                -43.189873,
                -22.9904691
              ],
              [
                -43.1899052,
                -22.9904433
              ],
              [
                -43.1899506,
                -22.990431
              ],
              [
                -43.1899382,
                -22.9904219
              ],
              [
                -43.1899404,
                -22.9904162
              ],
              [
                -43.1899475,
                -22.9904125
              ],
              [
                -43.1899576,
                -22.9904126
              ],
              [
                -43.1899803,
                -22.9904153
              ],
              [
                -43.1900268,
                -22.9904169
              ],
              [
                -43.1900702,
                -22.9904067
              ],
              [
                -43.1901403,
                -22.9903832
              ],
              [
                -43.1901944,
                -22.9903704
              ],
              [
                -43.1902416,
                -22.9903525
              ],
              [
                -43.1902706,
                -22.9903459
              ],
              [
                -43.1903386,
                -22.9903309
              ],
              [
                -43.1903676,
                -22.9903286
              ],
              [
                -43.1903992,
                -22.9903212
              ],
              [
                -43.1904199,
                -22.9903107
              ],
              [
                -43.19043,
                -22.9903098
              ],
              [
                -43.1904764,
                -22.9903087
              ],
              [
                -43.1904808,
                -22.9902963
              ],
              [
                -43.1905303,
                -22.9902819
              ],
              [
                -43.1906596,
                -22.9902721
              ],
              [
                -43.1905173,
                -22.9901985
              ],
              [
                -43.1904915,
                -22.990167
              ],
              [
                -43.1904895,
                -22.990151
              ],
              [
                -43.1904932,
                -22.9901386
              ],
              [
                -43.1905268,
                -22.9901092
              ],
              [
                -43.1906326,
                -22.9899798
              ],
              [
                -43.1906041,
                -22.9899587
              ],
              [
                -43.1905252,
                -22.989926
              ],
              [
                -43.1904625,
                -22.9899047
              ],
              [
                -43.1904532,
                -22.9899264
              ],
              [
                -43.1904396,
                -22.989935
              ],
              [
                -43.1904185,
                -22.9899349
              ],
              [
                -43.19041,
                -22.9899289
              ],
              [
                -43.1904025,
                -22.9899016
              ],
              [
                -43.1904101,
                -22.9898747
              ],
              [
                -43.1904187,
                -22.9898277
              ],
              [
                -43.1904599,
                -22.9897941
              ],
              [
                -43.190483,
                -22.9897833
              ],
              [
                -43.1904928,
                -22.9897854
              ],
              [
                -43.1905467,
                -22.9897867
              ],
              [
                -43.1905625,
                -22.9896858
              ],
              [
                -43.1905377,
                -22.9895924
              ],
              [
                -43.1904734,
                -22.9895263
              ],
              [
                -43.190398,
                -22.9893134
              ],
              [
                -43.1903707,
                -22.9892333
              ],
              [
                -43.190325,
                -22.9892512
              ],
              [
                -43.1903067,
                -22.9892527
              ],
              [
                -43.1902626,
                -22.9892543
              ],
              [
                -43.190227,
                -22.9892427
              ],
              [
                -43.1901913,
                -22.9892278
              ],
              [
                -43.1901653,
                -22.9892052
              ],
              [
                -43.1901398,
                -22.9891979
              ],
              [
                -43.1901102,
                -22.9891855
              ],
              [
                -43.1900882,
                -22.9891586
              ],
              [
                -43.1900783,
                -22.9891358
              ],
              [
                -43.1900845,
                -22.9891154
              ],
              [
                -43.1900762,
                -22.9891064
              ],
              [
                -43.1900529,
                -22.9890889
              ],
              [
                -43.1899877,
                -22.9890687
              ],
              [
                -43.189951,
                -22.9890523
              ],
              [
                -43.1899165,
                -22.9890363
              ],
              [
                -43.1899078,
                -22.9890178
              ],
              [
                -43.1899073,
                -22.9889966
              ],
              [
                -43.1899185,
                -22.9889823
              ],
              [
                -43.1899419,
                -22.9889738
              ],
              [
                -43.1899941,
                -22.9889493
              ],
              [
                -43.1900285,
                -22.9889376
              ],
              [
                -43.190107,
                -22.9889194
              ],
              [
                -43.1901302,
                -22.9888696
              ],
              [
                -43.190081,
                -22.9888404
              ],
              [
                -43.1899016,
                -22.9887013
              ],
              [
                -43.1897513,
                -22.9886175
              ],
              [
                -43.1895899,
                -22.9884984
              ],
              [
                -43.1895378,
                -22.9884736
              ],
              [
                -43.1894439,
                -22.988409
              ],
              [
                -43.1893475,
                -22.9883599
              ],
              [
                -43.1890082,
                -22.9881366
              ],
              [
                -43.1888549,
                -22.9880588
              ],
              [
                -43.1886481,
                -22.987978
              ],
              [
                -43.188595,
                -22.987939
              ],
              [
                -43.1884433,
                -22.9878617
              ],
              [
                -43.1884014,
                -22.9878488
              ],
              [
                -43.1889136,
                -22.9864313
              ],
              [
                -43.1889988,
                -22.9864825
              ],
              [
                -43.1897976,
                -22.986673
              ],
              [
                -43.1899847,
                -22.9867205
              ],
              [
                -43.1901753,
                -22.9867695
              ],
              [
                -43.1907954,
                -22.9869318
              ],
              [
                -43.1909645,
                -22.9869788
              ],
              [
                -43.191366,
                -22.9870755
              ],
              [
                -43.1916004,
                -22.9871372
              ],
              [
                -43.1916472,
                -22.9870777
              ],
              [
                -43.1916991,
                -22.9870106
              ],
              [
                -43.1917221,
                -22.9869816
              ],
              [
                -43.1918961,
                -22.9867587
              ],
              [
                -43.191955,
                -22.9866832
              ],
              [
                -43.1922967,
                -22.9862574
              ],
              [
                -43.1928805,
                -22.9855012
              ],
              [
                -43.1929411,
                -22.9854248
              ],
              [
                -43.1935119,
                -22.9847049
              ],
              [
                -43.1941326,
                -22.9839146
              ],
              [
                -43.1950155,
                -22.9836202
              ],
              [
                -43.1956967,
                -22.9831572
              ],
              [
                -43.1960139,
                -22.982933
              ],
              [
                -43.19666,
                -22.9824642
              ],
              [
                -43.19742,
                -22.9819438
              ],
              [
                -43.1972284,
                -22.9801003
              ],
              [
                -43.1970205,
                -22.979133
              ],
              [
                -43.1961869,
                -22.978967
              ],
              [
                -43.1957495,
                -22.9788656
              ],
              [
                -43.1955113,
                -22.978739
              ],
              [
                -43.1954522,
                -22.9786268
              ],
              [
                -43.1948297,
                -22.9774449
              ],
              [
                -43.1953663,
                -22.9771195
              ],
              [
                -43.1954296,
                -22.9770599
              ],
              [
                -43.1955718,
                -22.9771099
              ],
              [
                -43.1956292,
                -22.9771714
              ],
              [
                -43.1961844,
                -22.9774277
              ],
              [
                -43.1963294,
                -22.977489
              ],
              [
                -43.1962715,
                -22.977561
              ],
              [
                -43.1970275,
                -22.9782133
              ],
              [
                -43.1971273,
                -22.9783007
              ],
              [
                -43.197241,
                -22.9784004
              ],
              [
                -43.1973036,
                -22.9783458
              ],
              [
                -43.1964349,
                -22.9775845
              ],
              [
                -43.1964081,
                -22.9775445
              ],
              [
                -43.196425,
                -22.9774955
              ],
              [
                -43.1973479,
                -22.9774282
              ],
              [
                -43.1974503,
                -22.9774413
              ],
              [
                -43.1975304,
                -22.9774839
              ],
              [
                -43.1975842,
                -22.9775404
              ],
              [
                -43.1977243,
                -22.9779021
              ],
              [
                -43.1977835,
                -22.977992
              ],
              [
                -43.1978807,
                -22.9780614
              ],
              [
                -43.198022,
                -22.9781331
              ],
              [
                -43.1981432,
                -22.9781533
              ],
              [
                -43.1983037,
                -22.978141
              ],
              [
                -43.1984443,
                -22.9781171
              ],
              [
                -43.1985079,
                -22.9781267
              ],
              [
                -43.1985406,
                -22.9781332
              ],
              [
                -43.1985778,
                -22.9781406
              ],
              [
                -43.1986919,
                -22.9781777
              ],
              [
                -43.1987902,
                -22.9782908
              ],
              [
                -43.1988207,
                -22.9783159
              ],
              [
                -43.1988907,
                -22.9783737
              ],
              [
                -43.1990209,
                -22.9784544
              ],
              [
                -43.199192,
                -22.9785314
              ],
              [
                -43.1992828,
                -22.9785723
              ],
              [
                -43.1993655,
                -22.9786096
              ],
              [
                -43.1998095,
                -22.9787595
              ],
              [
                -43.2000681,
                -22.9788726
              ],
              [
                -43.2004916,
                -22.9789921
              ],
              [
                -43.2009215,
                -22.9791134
              ],
              [
                -43.2009697,
                -22.9791266
              ],
              [
                -43.2025335,
                -22.9795695
              ],
              [
                -43.2026245,
                -22.9795906
              ],
              [
                -43.2027224,
                -22.9796204
              ],
              [
                -43.2033365,
                -22.9797922
              ],
              [
                -43.2047082,
                -22.9801679
              ],
              [
                -43.205398,
                -22.9803624
              ],
              [
                -43.2056689,
                -22.9804383
              ],
              [
                -43.206197,
                -22.9805771
              ],
              [
                -43.20634,
                -22.9806147
              ],
              [
                -43.2067884,
                -22.9807316
              ],
              [
                -43.2070273,
                -22.9807554
              ],
              [
                -43.2074576,
                -22.9808002
              ],
              [
                -43.2079368,
                -22.9807906
              ],
              [
                -43.2081162,
                -22.9807844
              ],
              [
                -43.2083225,
                -22.9807725
              ],
              [
                -43.2089714,
                -22.9807392
              ],
              [
                -43.2091477,
                -22.9807297
              ],
              [
                -43.2111012,
                -22.9806246
              ],
              [
                -43.2111792,
                -22.9806204
              ],
              [
                -43.2113654,
                -22.9806103
              ],
              [
                -43.212763,
                -22.9805408
              ],
              [
                -43.2131787,
                -22.9805258
              ],
              [
                -43.2132768,
                -22.9805179
              ],
              [
                -43.2134407,
                -22.9805102
              ],
              [
                -43.2134793,
                -22.9805083
              ],
              [
                -43.2139966,
                -22.980477
              ],
              [
                -43.2142314,
                -22.9804626
              ],
              [
                -43.2142345,
                -22.9805689
              ],
              [
                -43.2146717,
                -22.9818388
              ],
              [
                -43.2153817,
                -22.9837876
              ],
              [
                -43.2155685,
                -22.9843696
              ],
              [
                -43.2156045,
                -22.9845015
              ],
              [
                -43.2156277,
                -22.9846357
              ],
              [
                -43.2156471,
                -22.9848607
              ]
            ]
          ],
          [
            [
              [
                -43.2091076,
                -23.0824058
              ],
              [
                -43.2090141,
                -23.0825332
              ],
              [
                -43.2088366,
                -23.0826577
              ],
              [
                -43.2086628,
                -23.0827051
              ],
              [
                -43.2084628,
                -23.0826608
              ],
              [
                -43.2082825,
                -23.0825429
              ],
              [
                -43.208318,
                -23.0824104
              ],
              [
                -43.2084954,
                -23.0822547
              ],
              [
                -43.2086768,
                -23.0821156
              ],
              [
                -43.2088687,
                -23.0821269
              ],
              [
                -43.2090591,
                -23.0822703
              ],
              [
                -43.2091076,
                -23.0824058
              ]
            ]
          ],
          [
            [
              [
                -43.2083868,
                -23.039747
              ],
              [
                -43.2083773,
                -23.0398283
              ],
              [
                -43.2083478,
                -23.0398885
              ],
              [
                -43.2082714,
                -23.0399377
              ],
              [
                -43.2082343,
                -23.0399468
              ],
              [
                -43.2081217,
                -23.0400361
              ],
              [
                -43.2080094,
                -23.0401322
              ],
              [
                -43.2078547,
                -23.0401644
              ],
              [
                -43.2076998,
                -23.0401941
              ],
              [
                -43.207552,
                -23.0402046
              ],
              [
                -43.207399,
                -23.040199
              ],
              [
                -43.2072453,
                -23.0401678
              ],
              [
                -43.2070992,
                -23.0401404
              ],
              [
                -43.2069524,
                -23.0401401
              ],
              [
                -43.2068046,
                -23.040152
              ],
              [
                -43.2066479,
                -23.0401668
              ],
              [
                -43.2064999,
                -23.0401801
              ],
              [
                -43.2063353,
                -23.0401815
              ],
              [
                -43.2061804,
                -23.0401612
              ],
              [
                -43.2060386,
                -23.040127
              ],
              [
                -43.2058846,
                -23.0400822
              ],
              [
                -43.2057479,
                -23.0400249
              ],
              [
                -43.2056034,
                -23.0399489
              ],
              [
                -43.2054709,
                -23.0398766
              ],
              [
                -43.2053454,
                -23.039788
              ],
              [
                -43.2052315,
                -23.0396909
              ],
              [
                -43.2050906,
                -23.0395878
              ],
              [
                -43.2049638,
                -23.0395059
              ],
              [
                -43.2048561,
                -23.0394113
              ],
              [
                -43.2047276,
                -23.0393227
              ],
              [
                -43.2045853,
                -23.0392736
              ],
              [
                -43.2044362,
                -23.039245
              ],
              [
                -43.204273,
                -23.0391979
              ],
              [
                -43.2041419,
                -23.0391228
              ],
              [
                -43.204012,
                -23.0390356
              ],
              [
                -43.2038969,
                -23.038948
              ],
              [
                -43.20378,
                -23.0388496
              ],
              [
                -43.2036572,
                -23.0387474
              ],
              [
                -43.2035275,
                -23.0386723
              ],
              [
                -43.2033883,
                -23.0386259
              ],
              [
                -43.2032701,
                -23.0385302
              ],
              [
                -43.2032612,
                -23.0383886
              ],
              [
                -43.2032599,
                -23.0383468
              ],
              [
                -43.2032475,
                -23.0382823
              ],
              [
                -43.203205,
                -23.0382645
              ],
              [
                -43.2031913,
                -23.0382554
              ],
              [
                -43.2031967,
                -23.0382376
              ],
              [
                -43.2032262,
                -23.0382233
              ],
              [
                -43.2032573,
                -23.0382118
              ],
              [
                -43.2032773,
                -23.0381789
              ],
              [
                -43.2032049,
                -23.0381131
              ],
              [
                -43.203084,
                -23.0380338
              ],
              [
                -43.2029363,
                -23.0380024
              ],
              [
                -43.2027814,
                -23.0379793
              ],
              [
                -43.2026326,
                -23.0379601
              ],
              [
                -43.2024892,
                -23.0379233
              ],
              [
                -43.2023413,
                -23.0378865
              ],
              [
                -43.202193,
                -23.0378349
              ],
              [
                -43.202042,
                -23.0377914
              ],
              [
                -43.2018983,
                -23.0377451
              ],
              [
                -43.201744,
                -23.037745
              ],
              [
                -43.2015705,
                -23.0377494
              ],
              [
                -43.2014223,
                -23.0377531
              ],
              [
                -43.2012726,
                -23.037753
              ],
              [
                -43.2011242,
                -23.0377513
              ],
              [
                -43.2009623,
                -23.0377432
              ],
              [
                -43.2008137,
                -23.0377321
              ],
              [
                -43.2006537,
                -23.0376889
              ],
              [
                -43.2005067,
                -23.0376319
              ],
              [
                -43.2004787,
                -23.0376448
              ],
              [
                -43.2004106,
                -23.0376722
              ],
              [
                -43.2002619,
                -23.037607
              ],
              [
                -43.2002044,
                -23.0375396
              ],
              [
                -43.2001695,
                -23.0374756
              ],
              [
                -43.2000402,
                -23.0374101
              ],
              [
                -43.1999106,
                -23.0373363
              ],
              [
                -43.1998187,
                -23.0372198
              ],
              [
                -43.1997003,
                -23.0371188
              ],
              [
                -43.199564,
                -23.0370222
              ],
              [
                -43.1994377,
                -23.0369538
              ],
              [
                -43.1993025,
                -23.0368938
              ],
              [
                -43.1991543,
                -23.0368449
              ],
              [
                -43.1989826,
                -23.0368128
              ],
              [
                -43.1988314,
                -23.0367653
              ],
              [
                -43.1986716,
                -23.0367328
              ],
              [
                -43.1985279,
                -23.0366824
              ],
              [
                -43.1984212,
                -23.0365744
              ],
              [
                -43.1983395,
                -23.0364495
              ],
              [
                -43.1982507,
                -23.0363368
              ],
              [
                -43.1981199,
                -23.036274
              ],
              [
                -43.1979962,
                -23.0361933
              ],
              [
                -43.1979178,
                -23.0360765
              ],
              [
                -43.1979069,
                -23.0359187
              ],
              [
                -43.1978064,
                -23.0358159
              ],
              [
                -43.1977367,
                -23.0356934
              ],
              [
                -43.1977099,
                -23.0356508
              ],
              [
                -43.1975595,
                -23.0356276
              ],
              [
                -43.1974131,
                -23.0355921
              ],
              [
                -43.1972779,
                -23.0355294
              ],
              [
                -43.1971349,
                -23.0354547
              ],
              [
                -43.1970359,
                -23.0353504
              ],
              [
                -43.1969483,
                -23.0352297
              ],
              [
                -43.1968552,
                -23.035124
              ],
              [
                -43.1967486,
                -23.0350159
              ],
              [
                -43.196692,
                -23.0348809
              ],
              [
                -43.1967571,
                -23.0347577
              ],
              [
                -43.1968511,
                -23.0346499
              ],
              [
                -43.1968997,
                -23.0345771
              ],
              [
                -43.1969329,
                -23.0345344
              ],
              [
                -43.1970715,
                -23.034466
              ],
              [
                -43.1972344,
                -23.0344578
              ],
              [
                -43.197388,
                -23.0344363
              ],
              [
                -43.1975405,
                -23.0344257
              ],
              [
                -43.1976944,
                -23.0344677
              ],
              [
                -43.1978296,
                -23.0345264
              ],
              [
                -43.1979753,
                -23.0345903
              ],
              [
                -43.1981123,
                -23.0346666
              ],
              [
                -43.1982304,
                -23.0347581
              ],
              [
                -43.1982527,
                -23.0348966
              ],
              [
                -43.1981801,
                -23.0350188
              ],
              [
                -43.1981949,
                -23.0350143
              ],
              [
                -43.1982558,
                -23.0349965
              ],
              [
                -43.1983285,
                -23.0349731
              ],
              [
                -43.1983509,
                -23.0349725
              ],
              [
                -43.1983964,
                -23.0349916
              ],
              [
                -43.1984321,
                -23.0350312
              ],
              [
                -43.198521,
                -23.035052
              ],
              [
                -43.198672,
                -23.0350441
              ],
              [
                -43.198807,
                -23.0351014
              ],
              [
                -43.1989458,
                -23.035183
              ],
              [
                -43.1990653,
                -23.0352705
              ],
              [
                -43.1991731,
                -23.0353664
              ],
              [
                -43.1992998,
                -23.0354456
              ],
              [
                -43.199445,
                -23.0354919
              ],
              [
                -43.199566,
                -23.0355806
              ],
              [
                -43.1996491,
                -23.0357015
              ],
              [
                -43.1996853,
                -23.0358073
              ],
              [
                -43.1997222,
                -23.0358374
              ],
              [
                -43.1997845,
                -23.0358223
              ],
              [
                -43.1998576,
                -23.0358138
              ],
              [
                -43.1998702,
                -23.035831
              ],
              [
                -43.199836,
                -23.0358872
              ],
              [
                -43.1997725,
                -23.0359158
              ],
              [
                -43.1997176,
                -23.0359321
              ],
              [
                -43.1997017,
                -23.0359514
              ],
              [
                -43.1997241,
                -23.0359995
              ],
              [
                -43.1998386,
                -23.0360669
              ],
              [
                -43.1998473,
                -23.0361085
              ],
              [
                -43.1998488,
                -23.0362058
              ],
              [
                -43.1999832,
                -23.0362915
              ],
              [
                -43.2000791,
                -23.0363418
              ],
              [
                -43.2001617,
                -23.0363491
              ],
              [
                -43.2002925,
                -23.0364134
              ],
              [
                -43.2003311,
                -23.0364515
              ],
              [
                -43.2003117,
                -23.036502
              ],
              [
                -43.20031,
                -23.0365467
              ],
              [
                -43.2003449,
                -23.036562
              ],
              [
                -43.2004953,
                -23.0365825
              ],
              [
                -43.2006334,
                -23.0366411
              ],
              [
                -43.2007728,
                -23.036697
              ],
              [
                -43.2009196,
                -23.0366959
              ],
              [
                -43.2010751,
                -23.0367393
              ],
              [
                -43.2012482,
                -23.0367659
              ],
              [
                -43.2014146,
                -23.0367739
              ],
              [
                -43.2015646,
                -23.0367809
              ],
              [
                -43.2017129,
                -23.0367839
              ],
              [
                -43.2018893,
                -23.0368253
              ],
              [
                -43.2019547,
                -23.0369047
              ],
              [
                -43.2019698,
                -23.036957
              ],
              [
                -43.2020909,
                -23.0370499
              ],
              [
                -43.202174,
                -23.037072
              ],
              [
                -43.2022679,
                -23.0370588
              ],
              [
                -43.2023936,
                -23.037103
              ],
              [
                -43.2025001,
                -23.0371597
              ],
              [
                -43.2026379,
                -23.0372075
              ],
              [
                -43.2027859,
                -23.037251
              ],
              [
                -43.2029267,
                -23.0372988
              ],
              [
                -43.2030646,
                -23.037356
              ],
              [
                -43.2032136,
                -23.0373793
              ],
              [
                -43.2033838,
                -23.0374088
              ],
              [
                -43.2035536,
                -23.0374288
              ],
              [
                -43.2037083,
                -23.0374451
              ],
              [
                -43.2038807,
                -23.0374502
              ],
              [
                -43.2040277,
                -23.0374613
              ],
              [
                -43.2041787,
                -23.0374994
              ],
              [
                -43.2043122,
                -23.0375553
              ],
              [
                -43.2043868,
                -23.0375954
              ],
              [
                -43.2044134,
                -23.0376811
              ],
              [
                -43.2043816,
                -23.0377671
              ],
              [
                -43.2043918,
                -23.0378074
              ],
              [
                -43.2045393,
                -23.0378347
              ],
              [
                -43.2046866,
                -23.0378485
              ],
              [
                -43.2048445,
                -23.0378728
              ],
              [
                -43.2049931,
                -23.0378839
              ],
              [
                -43.2051413,
                -23.0378802
              ],
              [
                -43.2053029,
                -23.0378774
              ],
              [
                -43.2054644,
                -23.0378692
              ],
              [
                -43.2056131,
                -23.037837
              ],
              [
                -43.2057608,
                -23.0378197
              ],
              [
                -43.2059197,
                -23.0377779
              ],
              [
                -43.2060588,
                -23.0377258
              ],
              [
                -43.2062093,
                -23.0377003
              ],
              [
                -43.2063589,
                -23.0376978
              ],
              [
                -43.206526,
                -23.0377219
              ],
              [
                -43.2066681,
                -23.037771
              ],
              [
                -43.2068189,
                -23.0378009
              ],
              [
                -43.2069689,
                -23.0378107
              ],
              [
                -43.2071099,
                -23.0378678
              ],
              [
                -43.2072556,
                -23.0378817
              ],
              [
                -43.2074026,
                -23.0378914
              ],
              [
                -43.2074583,
                -23.0378995
              ],
              [
                -43.2075284,
                -23.0379396
              ],
              [
                -43.2075896,
                -23.0380799
              ],
              [
                -43.2077163,
                -23.0381577
              ],
              [
                -43.2077888,
                -23.0382761
              ],
              [
                -43.2078425,
                -23.0384139
              ],
              [
                -43.2078752,
                -23.0385522
              ],
              [
                -43.2079172,
                -23.0386484
              ],
              [
                -43.2079237,
                -23.0387145
              ],
              [
                -43.2077933,
                -23.0386651
              ],
              [
                -43.2076931,
                -23.0386176
              ],
              [
                -43.2076199,
                -23.0385776
              ],
              [
                -43.207587,
                -23.0386245
              ],
              [
                -43.2075908,
                -23.0386513
              ],
              [
                -43.2076737,
                -23.0387654
              ],
              [
                -43.2077433,
                -23.0388852
              ],
              [
                -43.2078265,
                -23.0390088
              ],
              [
                -43.2079585,
                -23.0391135
              ],
              [
                -43.2080461,
                -23.0391396
              ],
              [
                -43.2081423,
                -23.0391534
              ],
              [
                -43.2081727,
                -23.0392147
              ],
              [
                -43.208162,
                -23.0392542
              ],
              [
                -43.2081394,
                -23.0393007
              ],
              [
                -43.208194,
                -23.0393696
              ],
              [
                -43.208293,
                -23.0394738
              ],
              [
                -43.2083656,
                -23.0395948
              ],
              [
                -43.2083868,
                -23.039747
              ]
            ]
          ],
          [
            [
              [
                -43.2064488,
                -23.0259465
              ],
              [
                -43.2064116,
                -23.0260015
              ],
              [
                -43.2063437,
                -23.0260816
              ],
              [
                -43.2062666,
                -23.0262025
              ],
              [
                -43.206203,
                -23.0262757
              ],
              [
                -43.2061719,
                -23.0263372
              ],
              [
                -43.2061876,
                -23.0264098
              ],
              [
                -43.2061939,
                -23.0264705
              ],
              [
                -43.2061076,
                -23.0265321
              ],
              [
                -43.2059982,
                -23.0266267
              ],
              [
                -43.2058827,
                -23.0267161
              ],
              [
                -43.2057466,
                -23.0268196
              ],
              [
                -43.2056249,
                -23.0269051
              ],
              [
                -43.205485,
                -23.0269789
              ],
              [
                -43.2053908,
                -23.0269839
              ],
              [
                -43.2053175,
                -23.0269831
              ],
              [
                -43.2051584,
                -23.0270209
              ],
              [
                -43.2050022,
                -23.0270533
              ],
              [
                -43.2048563,
                -23.0270827
              ],
              [
                -43.2047102,
                -23.0271013
              ],
              [
                -43.2045642,
                -23.0271266
              ],
              [
                -43.2044153,
                -23.027152
              ],
              [
                -43.2042526,
                -23.0271683
              ],
              [
                -43.2041054,
                -23.0272004
              ],
              [
                -43.2039611,
                -23.0272311
              ],
              [
                -43.2038678,
                -23.0272646
              ],
              [
                -43.203814,
                -23.0272687
              ],
              [
                -43.2037288,
                -23.0272235
              ],
              [
                -43.2037009,
                -23.0271918
              ],
              [
                -43.2036484,
                -23.0271432
              ],
              [
                -43.2035859,
                -23.0271555
              ],
              [
                -43.2035438,
                -23.0271944
              ],
              [
                -43.2034411,
                -23.0272174
              ],
              [
                -43.2033909,
                -23.0271889
              ],
              [
                -43.2033242,
                -23.0272135
              ],
              [
                -43.2032088,
                -23.0273057
              ],
              [
                -43.2030697,
                -23.0273578
              ],
              [
                -43.2029217,
                -23.0273656
              ],
              [
                -43.2027597,
                -23.0273549
              ],
              [
                -43.2026151,
                -23.0273775
              ],
              [
                -43.2024595,
                -23.0273815
              ],
              [
                -43.2023105,
                -23.0274042
              ],
              [
                -43.2021568,
                -23.0274216
              ],
              [
                -43.2020072,
                -23.027424
              ],
              [
                -43.2018667,
                -23.027383
              ],
              [
                -43.201712,
                -23.0273207
              ],
              [
                -43.2016335,
                -23.0272998
              ],
              [
                -43.2015317,
                -23.0272997
              ],
              [
                -43.2014261,
                -23.0272727
              ],
              [
                -43.2014014,
                -23.0272003
              ],
              [
                -43.2013876,
                -23.0271453
              ],
              [
                -43.2012626,
                -23.0270714
              ],
              [
                -43.2011109,
                -23.0270551
              ],
              [
                -43.2009533,
                -23.0270428
              ],
              [
                -43.2008207,
                -23.0269652
              ],
              [
                -43.2006999,
                -23.0268871
              ],
              [
                -43.2006322,
                -23.0268254
              ],
              [
                -43.2006122,
                -23.0267584
              ],
              [
                -43.2006224,
                -23.0267013
              ],
              [
                -43.2006572,
                -23.0266194
              ],
              [
                -43.2006699,
                -23.0264962
              ],
              [
                -43.2006844,
                -23.0263823
              ],
              [
                -43.2007384,
                -23.0262891
              ],
              [
                -43.2007349,
                -23.0262729
              ],
              [
                -43.2007068,
                -23.0261385
              ],
              [
                -43.2007536,
                -23.026005
              ],
              [
                -43.2008721,
                -23.0259127
              ],
              [
                -43.2010002,
                -23.0258447
              ],
              [
                -43.2011363,
                -23.0257899
              ],
              [
                -43.2012844,
                -23.0257388
              ],
              [
                -43.2014391,
                -23.0257079
              ],
              [
                -43.2015811,
                -23.0256503
              ],
              [
                -43.2017278,
                -23.0256005
              ],
              [
                -43.2018783,
                -23.0255751
              ],
              [
                -43.2020247,
                -23.0255673
              ],
              [
                -43.202172,
                -23.0255366
              ],
              [
                -43.2023398,
                -23.0254904
              ],
              [
                -43.2024851,
                -23.0254449
              ],
              [
                -43.2026353,
                -23.0254113
              ],
              [
                -43.2027877,
                -23.025402
              ],
              [
                -43.2030042,
                -23.0253843
              ],
              [
                -43.2031537,
                -23.0253725
              ],
              [
                -43.2033017,
                -23.0253686
              ],
              [
                -43.2034605,
                -23.0253701
              ],
              [
                -43.2036134,
                -23.025377
              ],
              [
                -43.2037592,
                -23.0253962
              ],
              [
                -43.2039336,
                -23.0254174
              ],
              [
                -43.2040872,
                -23.0254473
              ],
              [
                -43.2042467,
                -23.0254717
              ],
              [
                -43.2043341,
                -23.0254923
              ],
              [
                -43.2043741,
                -23.0255265
              ],
              [
                -43.2043896,
                -23.0256409
              ],
              [
                -43.2044253,
                -23.0257305
              ],
              [
                -43.204522,
                -23.0258064
              ],
              [
                -43.2046653,
                -23.0258392
              ],
              [
                -43.2048241,
                -23.025796
              ],
              [
                -43.204968,
                -23.0257505
              ],
              [
                -43.2051163,
                -23.0257048
              ],
              [
                -43.2052713,
                -23.0256847
              ],
              [
                -43.2054285,
                -23.0256807
              ],
              [
                -43.205599,
                -23.025675
              ],
              [
                -43.2057744,
                -23.0256827
              ],
              [
                -43.205923,
                -23.0256924
              ],
              [
                -43.206074,
                -23.0257372
              ],
              [
                -43.2062193,
                -23.0257875
              ],
              [
                -43.2063571,
                -23.0258394
              ],
              [
                -43.2064307,
                -23.0258943
              ],
              [
                -43.2064488,
                -23.0259465
              ]
            ]
          ],
          [
            [
              [
                -43.2004192,
                -23.0736022
              ],
              [
                -43.2003481,
                -23.0737987
              ],
              [
                -43.2003321,
                -23.0739462
              ],
              [
                -43.2000475,
                -23.0739733
              ],
              [
                -43.200095,
                -23.0741916
              ],
              [
                -43.1995851,
                -23.0744573
              ],
              [
                -43.1990708,
                -23.0746853
              ],
              [
                -43.1985444,
                -23.0747555
              ],
              [
                -43.1981811,
                -23.0745263
              ],
              [
                -43.1984184,
                -23.0740315
              ],
              [
                -43.1983551,
                -23.0737696
              ],
              [
                -43.198484,
                -23.0734929
              ],
              [
                -43.1987505,
                -23.0733839
              ],
              [
                -43.199146,
                -23.0732457
              ],
              [
                -43.1994149,
                -23.0732457
              ],
              [
                -43.1996758,
                -23.0732384
              ],
              [
                -43.1999922,
                -23.0731729
              ],
              [
                -43.2001583,
                -23.073253
              ],
              [
                -43.2002769,
                -23.0735149
              ],
              [
                -43.2004192,
                -23.0736022
              ]
            ]
          ],
          [
            [
              [
                -43.1991197,
                -23.0708893
              ],
              [
                -43.199107,
                -23.0711892
              ],
              [
                -43.1989254,
                -23.0714957
              ],
              [
                -43.1982257,
                -23.0720147
              ],
              [
                -43.1979725,
                -23.0723637
              ],
              [
                -43.1973728,
                -23.0726379
              ],
              [
                -43.1967089,
                -23.0726368
              ],
              [
                -43.1950894,
                -23.0729599
              ],
              [
                -43.1948964,
                -23.0732649
              ],
              [
                -43.194487,
                -23.073489
              ],
              [
                -43.1936411,
                -23.0737155
              ],
              [
                -43.1933408,
                -23.0739048
              ],
              [
                -43.1932831,
                -23.0738316
              ],
              [
                -43.1928869,
                -23.074004
              ],
              [
                -43.1926447,
                -23.0739356
              ],
              [
                -43.1924642,
                -23.0737467
              ],
              [
                -43.1923,
                -23.0735959
              ],
              [
                -43.1923277,
                -23.0734796
              ],
              [
                -43.1926489,
                -23.0733241
              ],
              [
                -43.19248,
                -23.0731354
              ],
              [
                -43.1920235,
                -23.0729539
              ],
              [
                -43.1914065,
                -23.0723646
              ],
              [
                -43.1911665,
                -23.0719461
              ],
              [
                -43.1910642,
                -23.0716602
              ],
              [
                -43.1911045,
                -23.0712006
              ],
              [
                -43.1911848,
                -23.0708128
              ],
              [
                -43.1916547,
                -23.0697436
              ],
              [
                -43.1920104,
                -23.0690076
              ],
              [
                -43.1923505,
                -23.0689116
              ],
              [
                -43.1921523,
                -23.0687532
              ],
              [
                -43.1925398,
                -23.0682427
              ],
              [
                -43.1934089,
                -23.0677905
              ],
              [
                -43.194186,
                -23.0674
              ],
              [
                -43.1945333,
                -23.067333
              ],
              [
                -43.1955429,
                -23.0676423
              ],
              [
                -43.1962278,
                -23.0679946
              ],
              [
                -43.1962492,
                -23.0682507
              ],
              [
                -43.196731,
                -23.0684478
              ],
              [
                -43.1970675,
                -23.0684714
              ],
              [
                -43.1973896,
                -23.0686891
              ],
              [
                -43.1973092,
                -23.068896
              ],
              [
                -43.1978179,
                -23.0690438
              ],
              [
                -43.1980237,
                -23.0693406
              ],
              [
                -43.1986049,
                -23.0698171
              ],
              [
                -43.1988028,
                -23.0702402
              ],
              [
                -43.1990279,
                -23.070556
              ],
              [
                -43.1991197,
                -23.0708893
              ]
            ]
          ],
          [
            [
              [
                -43.1963423,
                -23.0340199
              ],
              [
                -43.1963291,
                -23.0340756
              ],
              [
                -43.1962647,
                -23.0340759
              ],
              [
                -43.1962088,
                -23.0340111
              ],
              [
                -43.1961862,
                -23.0339562
              ],
              [
                -43.1960993,
                -23.0339571
              ],
              [
                -43.1960122,
                -23.0339445
              ],
              [
                -43.1959454,
                -23.0339178
              ],
              [
                -43.1959303,
                -23.0339141
              ],
              [
                -43.1957808,
                -23.0339193
              ],
              [
                -43.195637,
                -23.0338702
              ],
              [
                -43.1955018,
                -23.0338088
              ],
              [
                -43.1953986,
                -23.0337128
              ],
              [
                -43.1953038,
                -23.0336004
              ],
              [
                -43.1952296,
                -23.0334766
              ],
              [
                -43.1952238,
                -23.0334336
              ],
              [
                -43.195211,
                -23.0333839
              ],
              [
                -43.1951591,
                -23.0333412
              ],
              [
                -43.1950834,
                -23.0332993
              ],
              [
                -43.1949592,
                -23.0332079
              ],
              [
                -43.1948882,
                -23.0330868
              ],
              [
                -43.194883,
                -23.0330679
              ],
              [
                -43.1949029,
                -23.0329323
              ],
              [
                -43.1949603,
                -23.0329012
              ],
              [
                -43.1950538,
                -23.0328745
              ],
              [
                -43.1951341,
                -23.0328089
              ],
              [
                -43.1951853,
                -23.0328144
              ],
              [
                -43.1952128,
                -23.032834
              ],
              [
                -43.1953233,
                -23.0329244
              ],
              [
                -43.1954195,
                -23.03303
              ],
              [
                -43.195427,
                -23.0330812
              ],
              [
                -43.1954148,
                -23.0332207
              ],
              [
                -43.195389,
                -23.033355
              ],
              [
                -43.1954616,
                -23.0334748
              ],
              [
                -43.1956035,
                -23.0335103
              ],
              [
                -43.195754,
                -23.0335349
              ],
              [
                -43.1959041,
                -23.0335486
              ],
              [
                -43.1960593,
                -23.0335825
              ],
              [
                -43.1961715,
                -23.0336729
              ],
              [
                -43.1961885,
                -23.0337387
              ],
              [
                -43.1962222,
                -23.0338135
              ],
              [
                -43.1962685,
                -23.0338583
              ],
              [
                -43.1962516,
                -23.0338938
              ],
              [
                -43.1962719,
                -23.0339689
              ],
              [
                -43.1963423,
                -23.0340199
              ]
            ]
          ],
          [
            [
              [
                -43.1954161,
                -23.0273633
              ],
              [
                -43.1953714,
                -23.0274198
              ],
              [
                -43.1952433,
                -23.0274893
              ],
              [
                -43.1950974,
                -23.0275146
              ],
              [
                -43.1949502,
                -23.0275021
              ],
              [
                -43.1947772,
                -23.0274727
              ],
              [
                -43.1946881,
                -23.0274493
              ],
              [
                -43.1946114,
                -23.0274364
              ],
              [
                -43.1945714,
                -23.0274523
              ],
              [
                -43.1945032,
                -23.0275216
              ],
              [
                -43.194429,
                -23.0275437
              ],
              [
                -43.1944059,
                -23.027574
              ],
              [
                -43.1943684,
                -23.0276169
              ],
              [
                -43.1942577,
                -23.027621
              ],
              [
                -43.1941041,
                -23.0275938
              ],
              [
                -43.1940064,
                -23.0275788
              ],
              [
                -43.1939367,
                -23.0275048
              ],
              [
                -43.1938966,
                -23.027464
              ],
              [
                -43.193743,
                -23.0274395
              ],
              [
                -43.1935918,
                -23.0274393
              ],
              [
                -43.1934354,
                -23.0274136
              ],
              [
                -43.1932891,
                -23.0273808
              ],
              [
                -43.1931475,
                -23.0273533
              ],
              [
                -43.1930731,
                -23.0274187
              ],
              [
                -43.1930384,
                -23.0274588
              ],
              [
                -43.19296,
                -23.0274892
              ],
              [
                -43.1928101,
                -23.0274835
              ],
              [
                -43.1926641,
                -23.0274574
              ],
              [
                -43.1925172,
                -23.0274544
              ],
              [
                -43.1924619,
                -23.0274545
              ],
              [
                -43.1923033,
                -23.0274599
              ],
              [
                -43.192134,
                -23.0275047
              ],
              [
                -43.1920424,
                -23.0275449
              ],
              [
                -43.1919859,
                -23.027603
              ],
              [
                -43.1919821,
                -23.0276748
              ],
              [
                -43.1919049,
                -23.0276996
              ],
              [
                -43.1917531,
                -23.0276805
              ],
              [
                -43.1916372,
                -23.0276619
              ],
              [
                -43.1915556,
                -23.0276369
              ],
              [
                -43.1915316,
                -23.0275862
              ],
              [
                -43.1915496,
                -23.0275384
              ],
              [
                -43.1914985,
                -23.0274843
              ],
              [
                -43.1913485,
                -23.0274719
              ],
              [
                -43.1911996,
                -23.02745
              ],
              [
                -43.1910536,
                -23.0274254
              ],
              [
                -43.190901,
                -23.0273819
              ],
              [
                -43.1907631,
                -23.027326
              ],
              [
                -43.190626,
                -23.0272511
              ],
              [
                -43.190482,
                -23.027194
              ],
              [
                -43.1903409,
                -23.0271354
              ],
              [
                -43.1902127,
                -23.0270549
              ],
              [
                -43.1901258,
                -23.0270031
              ],
              [
                -43.1900789,
                -23.0269381
              ],
              [
                -43.1900892,
                -23.0268851
              ],
              [
                -43.1901106,
                -23.0268535
              ],
              [
                -43.1901542,
                -23.0268565
              ],
              [
                -43.1902157,
                -23.0268616
              ],
              [
                -43.19027,
                -23.0268251
              ],
              [
                -43.1903555,
                -23.0267825
              ],
              [
                -43.1904541,
                -23.0267759
              ],
              [
                -43.1904602,
                -23.0266812
              ],
              [
                -43.1905146,
                -23.0265528
              ],
              [
                -43.1906486,
                -23.0264792
              ],
              [
                -43.1907062,
                -23.026452
              ],
              [
                -43.190752,
                -23.026432
              ],
              [
                -43.1907535,
                -23.0264305
              ],
              [
                -43.1906942,
                -23.0263064
              ],
              [
                -43.1906069,
                -23.0261951
              ],
              [
                -43.1905091,
                -23.0260814
              ],
              [
                -43.1904365,
                -23.0259603
              ],
              [
                -43.1904324,
                -23.025824
              ],
              [
                -43.1905233,
                -23.0257136
              ],
              [
                -43.1905861,
                -23.0256147
              ],
              [
                -43.190599,
                -23.0255942
              ],
              [
                -43.1906989,
                -23.0254835
              ],
              [
                -43.1908334,
                -23.0254275
              ],
              [
                -43.1909741,
                -23.0253793
              ],
              [
                -43.191132,
                -23.0253523
              ],
              [
                -43.1912919,
                -23.0253415
              ],
              [
                -43.1914428,
                -23.0253336
              ],
              [
                -43.1915874,
                -23.0253124
              ],
              [
                -43.1917447,
                -23.0253165
              ],
              [
                -43.1918937,
                -23.0253384
              ],
              [
                -43.1920502,
                -23.0253655
              ],
              [
                -43.1921922,
                -23.0254065
              ],
              [
                -43.1923421,
                -23.0254608
              ],
              [
                -43.192515,
                -23.0255334
              ],
              [
                -43.1926486,
                -23.0255921
              ],
              [
                -43.1928061,
                -23.0256503
              ],
              [
                -43.1929469,
                -23.0257007
              ],
              [
                -43.1930893,
                -23.0257566
              ],
              [
                -43.1932496,
                -23.0258053
              ],
              [
                -43.1933877,
                -23.0258692
              ],
              [
                -43.1935142,
                -23.025939
              ],
              [
                -43.1936518,
                -23.0260328
              ],
              [
                -43.1937875,
                -23.0261131
              ],
              [
                -43.1939132,
                -23.0262072
              ],
              [
                -43.1940325,
                -23.0262879
              ],
              [
                -43.1941785,
                -23.0263639
              ],
              [
                -43.1943218,
                -23.026444
              ],
              [
                -43.1944511,
                -23.0265083
              ],
              [
                -43.194582,
                -23.0265806
              ],
              [
                -43.1947189,
                -23.0266501
              ],
              [
                -43.1948579,
                -23.0267385
              ],
              [
                -43.1949743,
                -23.0268233
              ],
              [
                -43.1950867,
                -23.0269245
              ],
              [
                -43.1951932,
                -23.0270271
              ],
              [
                -43.195301,
                -23.0271271
              ],
              [
                -43.1953768,
                -23.0272522
              ],
              [
                -43.195411,
                -23.0273418
              ],
              [
                -43.1954161,
                -23.0273633
              ]
            ]
          ],
          [
            [
              [
                -43.1936171,
                -23.0317176
              ],
              [
                -43.1936008,
                -23.0317721
              ],
              [
                -43.1935594,
                -23.031788
              ],
              [
                -43.1935065,
                -23.0317718
              ],
              [
                -43.1934746,
                -23.0317604
              ],
              [
                -43.1933509,
                -23.0316798
              ],
              [
                -43.1932344,
                -23.0315922
              ],
              [
                -43.1930978,
                -23.0315309
              ],
              [
                -43.192971,
                -23.0314476
              ],
              [
                -43.1929317,
                -23.0313892
              ],
              [
                -43.1929071,
                -23.0313196
              ],
              [
                -43.1929106,
                -23.0312857
              ],
              [
                -43.1929592,
                -23.0312615
              ],
              [
                -43.1930343,
                -23.0312677
              ],
              [
                -43.1931749,
                -23.0313128
              ],
              [
                -43.1933207,
                -23.0313793
              ],
              [
                -43.1934627,
                -23.0314203
              ],
              [
                -43.193572,
                -23.0315162
              ],
              [
                -43.1936164,
                -23.0316461
              ],
              [
                -43.1936171,
                -23.0317176
              ]
            ]
          ],
          [
            [
              [
                -43.1927568,
                -23.0300269
              ],
              [
                -43.1927466,
                -23.0300839
              ],
              [
                -43.1927199,
                -23.030094
              ],
              [
                -43.1926654,
                -23.0300751
              ],
              [
                -43.1926207,
                -23.0300317
              ],
              [
                -43.1925967,
                -23.0300296
              ],
              [
                -43.1925706,
                -23.0300572
              ],
              [
                -43.1925992,
                -23.0301133
              ],
              [
                -43.1926401,
                -23.0301271
              ],
              [
                -43.192661,
                -23.0301725
              ],
              [
                -43.1926473,
                -23.0302147
              ],
              [
                -43.1926183,
                -23.0302452
              ],
              [
                -43.1924716,
                -23.0302462
              ],
              [
                -43.1924034,
                -23.0302223
              ],
              [
                -43.1923631,
                -23.0301747
              ],
              [
                -43.19227,
                -23.0302135
              ],
              [
                -43.1921224,
                -23.0302375
              ],
              [
                -43.1919764,
                -23.0302088
              ],
              [
                -43.1919187,
                -23.0301833
              ],
              [
                -43.1918436,
                -23.0301744
              ],
              [
                -43.1917453,
                -23.0301957
              ],
              [
                -43.1916801,
                -23.0302149
              ],
              [
                -43.1915443,
                -23.0301792
              ],
              [
                -43.1914263,
                -23.0300944
              ],
              [
                -43.1913198,
                -23.0299904
              ],
              [
                -43.1912485,
                -23.0298625
              ],
              [
                -43.1912189,
                -23.0297295
              ],
              [
                -43.1912066,
                -23.0296703
              ],
              [
                -43.1912262,
                -23.029624
              ],
              [
                -43.1912834,
                -23.0295847
              ],
              [
                -43.1913664,
                -23.0295609
              ],
              [
                -43.1914293,
                -23.0295594
              ],
              [
                -43.1915032,
                -23.0295777
              ],
              [
                -43.1915691,
                -23.029576
              ],
              [
                -43.1916236,
                -23.0295477
              ],
              [
                -43.1916281,
                -23.0294975
              ],
              [
                -43.1915979,
                -23.0294415
              ],
              [
                -43.1915995,
                -23.0293956
              ],
              [
                -43.1916436,
                -23.0293715
              ],
              [
                -43.191674,
                -23.0293843
              ],
              [
                -43.1916878,
                -23.029442
              ],
              [
                -43.1917103,
                -23.0294968
              ],
              [
                -43.1917598,
                -23.0294969
              ],
              [
                -43.1918007,
                -23.0294648
              ],
              [
                -43.191837,
                -23.0294287
              ],
              [
                -43.191827,
                -23.0293952
              ],
              [
                -43.1917629,
                -23.029355
              ],
              [
                -43.1917698,
                -23.0293359
              ],
              [
                -43.1918378,
                -23.0293058
              ],
              [
                -43.1919107,
                -23.0292904
              ],
              [
                -43.191949,
                -23.0292719
              ],
              [
                -43.1919394,
                -23.0292046
              ],
              [
                -43.1918872,
                -23.0291614
              ],
              [
                -43.1917561,
                -23.0290849
              ],
              [
                -43.1917116,
                -23.0290496
              ],
              [
                -43.1916985,
                -23.0290148
              ],
              [
                -43.1917212,
                -23.028971
              ],
              [
                -43.1918139,
                -23.02892
              ],
              [
                -43.1918792,
                -23.0288994
              ],
              [
                -43.1920322,
                -23.0289091
              ],
              [
                -43.1921732,
                -23.028965
              ],
              [
                -43.1923263,
                -23.0289787
              ],
              [
                -43.1924687,
                -23.0290318
              ],
              [
                -43.192578,
                -23.0291303
              ],
              [
                -43.192683,
                -23.0292343
              ],
              [
                -43.1927266,
                -23.0292873
              ],
              [
                -43.1927269,
                -23.0293481
              ],
              [
                -43.1927022,
                -23.0294203
              ],
              [
                -43.1926838,
                -23.0294546
              ],
              [
                -43.1926285,
                -23.0294573
              ],
              [
                -43.1925715,
                -23.0294534
              ],
              [
                -43.1925301,
                -23.0294706
              ],
              [
                -43.1925294,
                -23.0294977
              ],
              [
                -43.1925592,
                -23.0295415
              ],
              [
                -43.1926009,
                -23.029581
              ],
              [
                -43.192642,
                -23.0296028
              ],
              [
                -43.192686,
                -23.0296234
              ],
              [
                -43.1927126,
                -23.0296605
              ],
              [
                -43.192714,
                -23.0297064
              ],
              [
                -43.1927263,
                -23.0297655
              ],
              [
                -43.1927001,
                -23.0297919
              ],
              [
                -43.1926236,
                -23.0297831
              ],
              [
                -43.1925954,
                -23.0297932
              ],
              [
                -43.1925954,
                -23.0298405
              ],
              [
                -43.1926027,
                -23.0298835
              ],
              [
                -43.1926404,
                -23.0299406
              ],
              [
                -43.1927085,
                -23.0299633
              ],
              [
                -43.1927568,
                -23.0300269
              ]
            ]
          ],
          [
            [
              [
                -43.1839038,
                -23.0224336
              ],
              [
                -43.1838776,
                -23.0224675
              ],
              [
                -43.1838443,
                -23.0224768
              ],
              [
                -43.1838029,
                -23.0224497
              ],
              [
                -43.1837698,
                -23.0224325
              ],
              [
                -43.18374,
                -23.0224193
              ],
              [
                -43.1836438,
                -23.0224059
              ],
              [
                -43.1835757,
                -23.0223878
              ],
              [
                -43.183504,
                -23.0223553
              ],
              [
                -43.1834336,
                -23.0223308
              ],
              [
                -43.1833903,
                -23.0223066
              ],
              [
                -43.1833588,
                -23.0222685
              ],
              [
                -43.1833697,
                -23.0222229
              ],
              [
                -43.1833661,
                -23.0221913
              ],
              [
                -43.1833325,
                -23.0221577
              ],
              [
                -43.1832751,
                -23.0221366
              ],
              [
                -43.1832562,
                -23.0221194
              ],
              [
                -43.1832525,
                -23.0220749
              ],
              [
                -43.1832897,
                -23.0220415
              ],
              [
                -43.1833058,
                -23.022015
              ],
              [
                -43.1833756,
                -23.022022
              ],
              [
                -43.1833739,
                -23.0219864
              ],
              [
                -43.1833508,
                -23.0219673
              ],
              [
                -43.183326,
                -23.0219469
              ],
              [
                -43.1832829,
                -23.0219397
              ],
              [
                -43.1832512,
                -23.0218983
              ],
              [
                -43.1832101,
                -23.0218922
              ],
              [
                -43.183179,
                -23.0218876
              ],
              [
                -43.1830842,
                -23.0218315
              ],
              [
                -43.1830271,
                -23.0217644
              ],
              [
                -43.1829795,
                -23.0216957
              ],
              [
                -43.1829066,
                -23.0216372
              ],
              [
                -43.1828835,
                -23.0215797
              ],
              [
                -43.1828819,
                -23.0215409
              ],
              [
                -43.1828897,
                -23.0214987
              ],
              [
                -43.1829465,
                -23.0214745
              ],
              [
                -43.1829834,
                -23.0214666
              ],
              [
                -43.1830851,
                -23.0214494
              ],
              [
                -43.1831522,
                -23.0214507
              ],
              [
                -43.1832431,
                -23.0214502
              ],
              [
                -43.1833189,
                -23.0214593
              ],
              [
                -43.1833858,
                -23.0214767
              ],
              [
                -43.1834697,
                -23.0215086
              ],
              [
                -43.183503,
                -23.0215355
              ],
              [
                -43.183506,
                -23.0215571
              ],
              [
                -43.1835962,
                -23.0216188
              ],
              [
                -43.1836194,
                -23.0216442
              ],
              [
                -43.183705,
                -23.0216517
              ],
              [
                -43.1837603,
                -23.0216873
              ],
              [
                -43.183806,
                -23.0217167
              ],
              [
                -43.1838493,
                -23.0217538
              ],
              [
                -43.1838693,
                -23.0217902
              ],
              [
                -43.1838567,
                -23.0218607
              ],
              [
                -43.1838282,
                -23.0218947
              ],
              [
                -43.1837921,
                -23.0218803
              ],
              [
                -43.1837456,
                -23.0219284
              ],
              [
                -43.1837038,
                -23.0219194
              ],
              [
                -43.183642,
                -23.0218913
              ],
              [
                -43.1835851,
                -23.0218561
              ],
              [
                -43.1835576,
                -23.0218555
              ],
              [
                -43.1835262,
                -23.0218721
              ],
              [
                -43.1835129,
                -23.0219
              ],
              [
                -43.1835171,
                -23.0219364
              ],
              [
                -43.1834621,
                -23.021938
              ],
              [
                -43.1834464,
                -23.0219534
              ],
              [
                -43.183415,
                -23.0219681
              ],
              [
                -43.1834013,
                -23.0219802
              ],
              [
                -43.1834605,
                -23.021984
              ],
              [
                -43.1835946,
                -23.0219895
              ],
              [
                -43.1835999,
                -23.022025
              ],
              [
                -43.1836255,
                -23.0220381
              ],
              [
                -43.1836335,
                -23.0220683
              ],
              [
                -43.1835862,
                -23.022076
              ],
              [
                -43.1835515,
                -23.0221048
              ],
              [
                -43.183506,
                -23.0220964
              ],
              [
                -43.183464,
                -23.0220587
              ],
              [
                -43.1834444,
                -23.022081
              ],
              [
                -43.1834755,
                -23.0220982
              ],
              [
                -43.1834971,
                -23.0221414
              ],
              [
                -43.1835306,
                -23.0221697
              ],
              [
                -43.1836084,
                -23.0222155
              ],
              [
                -43.1836946,
                -23.022256
              ],
              [
                -43.183769,
                -23.0222914
              ],
              [
                -43.1838091,
                -23.0223236
              ],
              [
                -43.1838477,
                -23.022341
              ],
              [
                -43.1838832,
                -23.0223812
              ],
              [
                -43.1839038,
                -23.0224336
              ]
            ]
          ],
          [
            [
              [
                -43.1833213,
                -23.0225934
              ],
              [
                -43.1833093,
                -23.0226133
              ],
              [
                -43.1832565,
                -23.0226119
              ],
              [
                -43.1832208,
                -23.0226353
              ],
              [
                -43.1832195,
                -23.0226587
              ],
              [
                -43.1831797,
                -23.0226733
              ],
              [
                -43.1831094,
                -23.0226361
              ],
              [
                -43.1830442,
                -23.0225951
              ],
              [
                -43.182963,
                -23.0225651
              ],
              [
                -43.1829432,
                -23.022533
              ],
              [
                -43.1828923,
                -23.022512
              ],
              [
                -43.1828852,
                -23.0224851
              ],
              [
                -43.1828543,
                -23.0224856
              ],
              [
                -43.1828111,
                -23.0224755
              ],
              [
                -43.1827298,
                -23.0224098
              ],
              [
                -43.1827333,
                -23.0223382
              ],
              [
                -43.1827297,
                -23.0223007
              ],
              [
                -43.1828193,
                -23.022267
              ],
              [
                -43.18287,
                -23.0222626
              ],
              [
                -43.1829264,
                -23.0222577
              ],
              [
                -43.1829389,
                -23.022237
              ],
              [
                -43.1830148,
                -23.0222205
              ],
              [
                -43.183064,
                -23.0222515
              ],
              [
                -43.1831134,
                -23.0222825
              ],
              [
                -43.1831486,
                -23.0223336
              ],
              [
                -43.1832155,
                -23.0224
              ],
              [
                -43.1832711,
                -23.0224426
              ],
              [
                -43.183288,
                -23.0224773
              ],
              [
                -43.1832724,
                -23.0225046
              ],
              [
                -43.1832894,
                -23.0225383
              ],
              [
                -43.1833213,
                -23.0225934
              ]
            ]
          ],
          [
            [
              [
                -43.1825127,
                -23.0236017
              ],
              [
                -43.1825038,
                -23.0236383
              ],
              [
                -43.1824695,
                -23.0236649
              ],
              [
                -43.1824234,
                -23.0236635
              ],
              [
                -43.1823576,
                -23.02365
              ],
              [
                -43.182325,
                -23.023617
              ],
              [
                -43.1822989,
                -23.0235793
              ],
              [
                -43.1822594,
                -23.0235437
              ],
              [
                -43.1822428,
                -23.0235287
              ],
              [
                -43.1822093,
                -23.0235037
              ],
              [
                -43.182203,
                -23.0234724
              ],
              [
                -43.182213,
                -23.0234213
              ],
              [
                -43.182235,
                -23.0233951
              ],
              [
                -43.1822524,
                -23.0233699
              ],
              [
                -43.1822758,
                -23.0233367
              ],
              [
                -43.1823081,
                -23.0233349
              ],
              [
                -43.1823247,
                -23.023353
              ],
              [
                -43.1823103,
                -23.0233956
              ],
              [
                -43.1823252,
                -23.0234104
              ],
              [
                -43.1823401,
                -23.0234252
              ],
              [
                -43.1823319,
                -23.0234883
              ],
              [
                -43.1823198,
                -23.023516
              ],
              [
                -43.1823404,
                -23.023533
              ],
              [
                -43.1823965,
                -23.0235187
              ],
              [
                -43.1824378,
                -23.0235225
              ],
              [
                -43.1824831,
                -23.0235605
              ],
              [
                -43.1825127,
                -23.0236017
              ]
            ]
          ],
          [
            [
              [
                -43.1498309,
                -23.0600398
              ],
              [
                -43.1496041,
                -23.0603209
              ],
              [
                -43.1490476,
                -23.0603941
              ],
              [
                -43.148551,
                -23.060742
              ],
              [
                -43.1482291,
                -23.0606698
              ],
              [
                -43.1480063,
                -23.0607852
              ],
              [
                -43.1483633,
                -23.0609897
              ],
              [
                -43.1483882,
                -23.0612995
              ],
              [
                -43.1481894,
                -23.0616231
              ],
              [
                -43.1478837,
                -23.0617947
              ],
              [
                -43.1477659,
                -23.0619796
              ],
              [
                -43.1476669,
                -23.06219
              ],
              [
                -43.1477379,
                -23.0623834
              ],
              [
                -43.1480067,
                -23.0624304
              ],
              [
                -43.1479433,
                -23.0626863
              ],
              [
                -43.1478499,
                -23.0628839
              ],
              [
                -43.1474818,
                -23.0627829
              ],
              [
                -43.1478326,
                -23.062979
              ],
              [
                -43.1478507,
                -23.0631615
              ],
              [
                -43.1475918,
                -23.0631308
              ],
              [
                -43.1479249,
                -23.063406
              ],
              [
                -43.1481369,
                -23.0635976
              ],
              [
                -43.1482089,
                -23.0638249
              ],
              [
                -43.147906,
                -23.0643325
              ],
              [
                -43.1477962,
                -23.0644057
              ],
              [
                -43.147747,
                -23.0647261
              ],
              [
                -43.1475047,
                -23.0650187
              ],
              [
                -43.1468764,
                -23.065332
              ],
              [
                -43.1465842,
                -23.0657266
              ],
              [
                -43.1461475,
                -23.0658736
              ],
              [
                -43.1456016,
                -23.0657848
              ],
              [
                -43.1449714,
                -23.0658946
              ],
              [
                -43.1442712,
                -23.0657662
              ],
              [
                -43.1439399,
                -23.0658097
              ],
              [
                -43.1436072,
                -23.0659501
              ],
              [
                -43.1432781,
                -23.0658846
              ],
              [
                -43.142652,
                -23.0659975
              ],
              [
                -43.1423249,
                -23.0658524
              ],
              [
                -43.1422221,
                -23.065659
              ],
              [
                -43.1424336,
                -23.0652272
              ],
              [
                -43.1428642,
                -23.0646963
              ],
              [
                -43.1428565,
                -23.0643317
              ],
              [
                -43.1429931,
                -23.0642919
              ],
              [
                -43.1430073,
                -23.0641288
              ],
              [
                -43.1437142,
                -23.0634654
              ],
              [
                -43.1448123,
                -23.0628005
              ],
              [
                -43.1451227,
                -23.0624679
              ],
              [
                -43.1454731,
                -23.0622406
              ],
              [
                -43.1460529,
                -23.0620696
              ],
              [
                -43.1461439,
                -23.0618775
              ],
              [
                -43.1460957,
                -23.0617002
              ],
              [
                -43.1462227,
                -23.0615862
              ],
              [
                -43.1463322,
                -23.0616561
              ],
              [
                -43.1464972,
                -23.0615705
              ],
              [
                -43.1465161,
                -23.0614643
              ],
              [
                -43.1465748,
                -23.0614329
              ],
              [
                -43.1466705,
                -23.0614848
              ],
              [
                -43.1468186,
                -23.0613234
              ],
              [
                -43.1471517,
                -23.061162
              ],
              [
                -43.1471417,
                -23.0609831
              ],
              [
                -43.1474272,
                -23.0606795
              ],
              [
                -43.1476214,
                -23.0606579
              ],
              [
                -43.1477157,
                -23.0604952
              ],
              [
                -43.1475794,
                -23.0603768
              ],
              [
                -43.1475842,
                -23.0602163
              ],
              [
                -43.1484135,
                -23.0596102
              ],
              [
                -43.1487904,
                -23.0595698
              ],
              [
                -43.1496837,
                -23.0597669
              ],
              [
                -43.1498309,
                -23.0600398
              ]
            ]
          ]
        ]
      }
    },
    {
      "type": "Feature",
      "properties": {
        "name": "Leblon",
        "category": "Residential",
        "osmType": "R",
        "osmId": 5516153,
        "source": "https://www.openstreetmap.org/relation/5516153",
        "retrievedAt": "2026-09-24",
        "stroke": "#0f766e",
        "stroke-width": 2,
        "stroke-opacity": 0.95,
        "fill": "#0f766e",
        "fill-opacity": 0.16
      },
      "geometry": {
        "type": "Polygon",
        "coordinates": [
          [
            [
              -43.2379552,
              -22.9893228
            ],
            [
              -43.2379538,
              -22.9894168
            ],
            [
              -43.2368356,
              -22.9895131
            ],
            [
              -43.2352965,
              -22.9892034
            ],
            [
              -43.2342756,
              -22.9889244
            ],
            [
              -43.2342767,
              -22.9888348
            ],
            [
              -43.2342319,
              -22.9887602
            ],
            [
              -43.2341598,
              -22.9887316
            ],
            [
              -43.2341044,
              -22.9886587
            ],
            [
              -43.2340456,
              -22.9886178
            ],
            [
              -43.233996,
              -22.9885628
            ],
            [
              -43.2339411,
              -22.9885183
            ],
            [
              -43.233885,
              -22.9884862
            ],
            [
              -43.2338301,
              -22.9884614
            ],
            [
              -43.2337777,
              -22.9884399
            ],
            [
              -43.2337255,
              -22.9884193
            ],
            [
              -43.233671,
              -22.9884029
            ],
            [
              -43.2336237,
              -22.9883911
            ],
            [
              -43.233565,
              -22.988381
            ],
            [
              -43.233116,
              -22.9883175
            ],
            [
              -43.2329902,
              -22.9883041
            ],
            [
              -43.2328899,
              -22.9882987
            ],
            [
              -43.2328075,
              -22.9882856
            ],
            [
              -43.232746,
              -22.9882679
            ],
            [
              -43.2326667,
              -22.9882329
            ],
            [
              -43.232618,
              -22.9882076
            ],
            [
              -43.2325538,
              -22.9881938
            ],
            [
              -43.2324709,
              -22.9881978
            ],
            [
              -43.2323525,
              -22.9882258
            ],
            [
              -43.2322817,
              -22.9882511
            ],
            [
              -43.232204,
              -22.9882699
            ],
            [
              -43.2321087,
              -22.9882769
            ],
            [
              -43.2320249,
              -22.9882668
            ],
            [
              -43.2319221,
              -22.9882447
            ],
            [
              -43.2318773,
              -22.9882401
            ],
            [
              -43.2317908,
              -22.9882518
            ],
            [
              -43.2316545,
              -22.9882932
            ],
            [
              -43.2315098,
              -22.9883111
            ],
            [
              -43.2313756,
              -22.9883324
            ],
            [
              -43.2312773,
              -22.9883699
            ],
            [
              -43.2311701,
              -22.9884215
            ],
            [
              -43.2311083,
              -22.9884561
            ],
            [
              -43.2310693,
              -22.98849
            ],
            [
              -43.2310399,
              -22.9885227
            ],
            [
              -43.2310127,
              -22.9885992
            ],
            [
              -43.2309933,
              -22.9886832
            ],
            [
              -43.2309801,
              -22.9887269
            ],
            [
              -43.2309816,
              -22.9887766
            ],
            [
              -43.2309691,
              -22.9888209
            ],
            [
              -43.2309549,
              -22.9889051
            ],
            [
              -43.2309239,
              -22.988961
            ],
            [
              -43.2309057,
              -22.989021
            ],
            [
              -43.2308746,
              -22.9890849
            ],
            [
              -43.230826,
              -22.9891486
            ],
            [
              -43.2307776,
              -22.9892003
            ],
            [
              -43.2307339,
              -22.9892279
            ],
            [
              -43.2306635,
              -22.9892994
            ],
            [
              -43.2305237,
              -22.9893822
            ],
            [
              -43.2303926,
              -22.989453
            ],
            [
              -43.2302662,
              -22.9894998
            ],
            [
              -43.2301877,
              -22.989527
            ],
            [
              -43.230066,
              -22.9895458
            ],
            [
              -43.2300106,
              -22.9895687
            ],
            [
              -43.2299204,
              -22.9895737
            ],
            [
              -43.2298125,
              -22.9896039
            ],
            [
              -43.2297047,
              -22.989615
            ],
            [
              -43.2295968,
              -22.9896184
            ],
            [
              -43.2295121,
              -22.989607
            ],
            [
              -43.2294698,
              -22.9895941
            ],
            [
              -43.2293698,
              -22.9895604
            ],
            [
              -43.2292316,
              -22.9894901
            ],
            [
              -43.2291317,
              -22.9894435
            ],
            [
              -43.2290012,
              -22.9893951
            ],
            [
              -43.2289065,
              -22.9893763
            ],
            [
              -43.2288225,
              -22.9893748
            ],
            [
              -43.2287512,
              -22.9893805
            ],
            [
              -43.2286496,
              -22.9893987
            ],
            [
              -43.2285541,
              -22.989424
            ],
            [
              -43.2284376,
              -22.9894324
            ],
            [
              -43.2282793,
              -22.9894177
            ],
            [
              -43.2281863,
              -22.9893995
            ],
            [
              -43.2281094,
              -22.9893778
            ],
            [
              -43.2279512,
              -22.9892778
            ],
            [
              -43.2275518,
              -22.9888846
            ],
            [
              -43.2269652,
              -22.989587
            ],
            [
              -43.226933,
              -22.989563
            ],
            [
              -43.2269228,
              -22.9895554
            ],
            [
              -43.2269121,
              -22.9895475
            ],
            [
              -43.2270177,
              -22.9894351
            ],
            [
              -43.2270122,
              -22.9894281
            ],
            [
              -43.2270329,
              -22.9894081
            ],
            [
              -43.2270479,
              -22.9893112
            ],
            [
              -43.2270195,
              -22.9892629
            ],
            [
              -43.2270018,
              -22.9892073
            ],
            [
              -43.2269857,
              -22.9891181
            ],
            [
              -43.2269006,
              -22.9890076
            ],
            [
              -43.2267759,
              -22.9889682
            ],
            [
              -43.2265507,
              -22.9888678
            ],
            [
              -43.2262958,
              -22.9887434
            ],
            [
              -43.2250919,
              -22.9883102
            ],
            [
              -43.2236856,
              -22.9879757
            ],
            [
              -43.2229696,
              -22.9877982
            ],
            [
              -43.2223554,
              -22.9876756
            ],
            [
              -43.221012,
              -22.987538
            ],
            [
              -43.2196601,
              -22.9873859
            ],
            [
              -43.2183664,
              -22.987297
            ],
            [
              -43.2177704,
              -22.9872825
            ],
            [
              -43.2170659,
              -22.9872783
            ],
            [
              -43.2163164,
              -22.9873075
            ],
            [
              -43.215398,
              -22.9872792
            ],
            [
              -43.2154261,
              -22.987037
            ],
            [
              -43.2155116,
              -22.9863715
            ],
            [
              -43.2155565,
              -22.9860246
            ],
            [
              -43.2156145,
              -22.9854438
            ],
            [
              -43.2156385,
              -22.9851522
            ],
            [
              -43.2156471,
              -22.9848607
            ],
            [
              -43.2156277,
              -22.9846357
            ],
            [
              -43.2156045,
              -22.9845015
            ],
            [
              -43.2155685,
              -22.9843696
            ],
            [
              -43.2153817,
              -22.9837876
            ],
            [
              -43.2146717,
              -22.9818388
            ],
            [
              -43.2142345,
              -22.9805689
            ],
            [
              -43.2142314,
              -22.9804626
            ],
            [
              -43.2143521,
              -22.9804534
            ],
            [
              -43.2144287,
              -22.9804506
            ],
            [
              -43.2146258,
              -22.9804482
            ],
            [
              -43.2147901,
              -22.9804328
            ],
            [
              -43.2149148,
              -22.9804124
            ],
            [
              -43.2154227,
              -22.9802821
            ],
            [
              -43.2157919,
              -22.9801488
            ],
            [
              -43.216215,
              -22.9799759
            ],
            [
              -43.2167481,
              -22.9797013
            ],
            [
              -43.2167783,
              -22.9796858
            ],
            [
              -43.2170441,
              -22.9795253
            ],
            [
              -43.2170854,
              -22.9795006
            ],
            [
              -43.2174188,
              -22.9793026
            ],
            [
              -43.2177916,
              -22.9790348
            ],
            [
              -43.2178981,
              -22.9789357
            ],
            [
              -43.2180268,
              -22.9787993
            ],
            [
              -43.2180858,
              -22.9787056
            ],
            [
              -43.2181951,
              -22.9785054
            ],
            [
              -43.2188711,
              -22.9772565
            ],
            [
              -43.2189991,
              -22.9771676
            ],
            [
              -43.2190467,
              -22.9771405
            ],
            [
              -43.2191177,
              -22.9771214
            ],
            [
              -43.2191983,
              -22.9771117
            ],
            [
              -43.2192862,
              -22.9771119
            ],
            [
              -43.2193719,
              -22.9771212
            ],
            [
              -43.2194831,
              -22.9771482
            ],
            [
              -43.2195788,
              -22.9771502
            ],
            [
              -43.2196495,
              -22.9771357
            ],
            [
              -43.2198615,
              -22.977204
            ],
            [
              -43.2200867,
              -22.9772579
            ],
            [
              -43.2205827,
              -22.9773659
            ],
            [
              -43.2220141,
              -22.9776639
            ],
            [
              -43.222238,
              -22.9777106
            ],
            [
              -43.2222775,
              -22.9775807
            ],
            [
              -43.2225632,
              -22.9776368
            ],
            [
              -43.224556,
              -22.9780541
            ],
            [
              -43.2247165,
              -22.9780861
            ],
            [
              -43.2247951,
              -22.9777711
            ],
            [
              -43.224805,
              -22.9777288
            ],
            [
              -43.2249253,
              -22.9772865
            ],
            [
              -43.2250172,
              -22.9768563
            ],
            [
              -43.2250247,
              -22.9768144
            ],
            [
              -43.2250765,
              -22.9766784
            ],
            [
              -43.2251321,
              -22.9768181
            ],
            [
              -43.225174,
              -22.976873
            ],
            [
              -43.2252524,
              -22.9769523
            ],
            [
              -43.2261435,
              -22.9778599
            ],
            [
              -43.2261907,
              -22.9778492
            ],
            [
              -43.2262269,
              -22.9778276
            ],
            [
              -43.226249,
              -22.9778098
            ],
            [
              -43.2262696,
              -22.9777754
            ],
            [
              -43.2262791,
              -22.9777424
            ],
            [
              -43.226313,
              -22.97781
            ],
            [
              -43.2263437,
              -22.9778646
            ],
            [
              -43.2263942,
              -22.9779582
            ],
            [
              -43.2264834,
              -22.9781105
            ],
            [
              -43.2265228,
              -22.9782064
            ],
            [
              -43.2265412,
              -22.9782472
            ],
            [
              -43.2265517,
              -22.9782818
            ],
            [
              -43.2265477,
              -22.9783648
            ],
            [
              -43.2265606,
              -22.9784978
            ],
            [
              -43.226561,
              -22.978562
            ],
            [
              -43.2265689,
              -22.9786401
            ],
            [
              -43.2265777,
              -22.9788299
            ],
            [
              -43.2266433,
              -22.9798392
            ],
            [
              -43.2267684,
              -22.9797733
            ],
            [
              -43.2270534,
              -22.9797624
            ],
            [
              -43.2271544,
              -22.979758
            ],
            [
              -43.2272121,
              -22.9797333
            ],
            [
              -43.2272637,
              -22.9796907
            ],
            [
              -43.2273971,
              -22.9795028
            ],
            [
              -43.227428,
              -22.9794845
            ],
            [
              -43.2275862,
              -22.9794339
            ],
            [
              -43.2276164,
              -22.9794311
            ],
            [
              -43.2276995,
              -22.9794395
            ],
            [
              -43.2278243,
              -22.9795062
            ],
            [
              -43.2278545,
              -22.9795444
            ],
            [
              -43.2278793,
              -22.979616
            ],
            [
              -43.227884,
              -22.979687
            ],
            [
              -43.2278756,
              -22.9797487
            ],
            [
              -43.2277804,
              -22.9799055
            ],
            [
              -43.2279398,
              -22.9800736
            ],
            [
              -43.228004,
              -22.9801488
            ],
            [
              -43.2280239,
              -22.9801693
            ],
            [
              -43.2282214,
              -22.9803115
            ],
            [
              -43.228373,
              -22.9803512
            ],
            [
              -43.2285573,
              -22.9804027
            ],
            [
              -43.2288238,
              -22.9804552
            ],
            [
              -43.2291728,
              -22.9804934
            ],
            [
              -43.2295507,
              -22.9805166
            ],
            [
              -43.2297973,
              -22.9805232
            ],
            [
              -43.2302128,
              -22.9805069
            ],
            [
              -43.2303812,
              -22.9805126
            ],
            [
              -43.2306281,
              -22.9804925
            ],
            [
              -43.2306982,
              -22.980478
            ],
            [
              -43.2307892,
              -22.9804372
            ],
            [
              -43.2308598,
              -22.9803808
            ],
            [
              -43.2309693,
              -22.9803326
            ],
            [
              -43.2310599,
              -22.980326
            ],
            [
              -43.2311215,
              -22.9803305
            ],
            [
              -43.2311748,
              -22.9803426
            ],
            [
              -43.2312566,
              -22.9803739
            ],
            [
              -43.2313424,
              -22.9804129
            ],
            [
              -43.2314037,
              -22.9804441
            ],
            [
              -43.2314728,
              -22.9805057
            ],
            [
              -43.2324838,
              -22.9813531
            ],
            [
              -43.2329793,
              -22.981949
            ],
            [
              -43.2337995,
              -22.9829507
            ],
            [
              -43.2344394,
              -22.9837237
            ],
            [
              -43.2348785,
              -22.9840064
            ],
            [
              -43.2350953,
              -22.9841357
            ],
            [
              -43.235565,
              -22.9842589
            ],
            [
              -43.235984,
              -22.9843579
            ],
            [
              -43.2362627,
              -22.984479
            ],
            [
              -43.2364041,
              -22.9846244
            ],
            [
              -43.236672,
              -22.9848373
            ],
            [
              -43.2369781,
              -22.9852947
            ],
            [
              -43.237144,
              -22.9857565
            ],
            [
              -43.2372975,
              -22.9864451
            ],
            [
              -43.2373242,
              -22.9868405
            ],
            [
              -43.2372729,
              -22.9873647
            ],
            [
              -43.2373491,
              -22.9877647
            ],
            [
              -43.2374132,
              -22.9881108
            ],
            [
              -43.2374994,
              -22.9884506
            ],
            [
              -43.237688,
              -22.9888402
            ],
            [
              -43.2379552,
              -22.9893228
            ]
          ]
        ]
      }
    },
    {
      "type": "Feature",
      "properties": {
        "name": "Botafogo",
        "category": "Hip",
        "osmType": "R",
        "osmId": 5514047,
        "source": "https://www.openstreetmap.org/relation/5514047",
        "retrievedAt": "2026-09-24",
        "stroke": "#f43f5e",
        "stroke-width": 2,
        "stroke-opacity": 0.95,
        "fill": "#f43f5e",
        "fill-opacity": 0.16
      },
      "geometry": {
        "type": "Polygon",
        "coordinates": [
          [
            [
              -43.2016955,
              -22.9485769
            ],
            [
              -43.1986649,
              -22.9506702
            ],
            [
              -43.1981317,
              -22.9509897
            ],
            [
              -43.1979854,
              -22.9511807
            ],
            [
              -43.197847,
              -22.9513474
            ],
            [
              -43.1971955,
              -22.9518446
            ],
            [
              -43.19637,
              -22.952466
            ],
            [
              -43.1964776,
              -22.9525681
            ],
            [
              -43.1963168,
              -22.9527093
            ],
            [
              -43.1954298,
              -22.9552223
            ],
            [
              -43.1965145,
              -22.9556047
            ],
            [
              -43.1958995,
              -22.9581544
            ],
            [
              -43.1972699,
              -22.9584771
            ],
            [
              -43.198393,
              -22.9587086
            ],
            [
              -43.1983371,
              -22.9588089
            ],
            [
              -43.1982246,
              -22.9590768
            ],
            [
              -43.1978893,
              -22.9597121
            ],
            [
              -43.1972557,
              -22.9627376
            ],
            [
              -43.1968787,
              -22.9624889
            ],
            [
              -43.196044,
              -22.9620548
            ],
            [
              -43.1954242,
              -22.9617353
            ],
            [
              -43.1944226,
              -22.9613996
            ],
            [
              -43.1936788,
              -22.9613144
            ],
            [
              -43.1929891,
              -22.9614658
            ],
            [
              -43.191333,
              -22.962464
            ],
            [
              -43.1902524,
              -22.9628055
            ],
            [
              -43.1889301,
              -22.9631205
            ],
            [
              -43.1878734,
              -22.9632625
            ],
            [
              -43.1876189,
              -22.9632139
            ],
            [
              -43.187131,
              -22.9631206
            ],
            [
              -43.1863165,
              -22.962965
            ],
            [
              -43.1860456,
              -22.9629145
            ],
            [
              -43.1857982,
              -22.9624514
            ],
            [
              -43.1854907,
              -22.962072
            ],
            [
              -43.18523,
              -22.9619057
            ],
            [
              -43.1851776,
              -22.9618723
            ],
            [
              -43.1849504,
              -22.9617389
            ],
            [
              -43.1845953,
              -22.9615969
            ],
            [
              -43.1843551,
              -22.9615694
            ],
            [
              -43.1841263,
              -22.9615527
            ],
            [
              -43.1839052,
              -22.961529
            ],
            [
              -43.1836764,
              -22.9615122
            ],
            [
              -43.183478,
              -22.9614993
            ],
            [
              -43.1833026,
              -22.9614831
            ],
            [
              -43.1829662,
              -22.9613786
            ],
            [
              -43.1826205,
              -22.9612508
            ],
            [
              -43.18218,
              -22.9610761
            ],
            [
              -43.1818914,
              -22.9609596
            ],
            [
              -43.1818152,
              -22.9609482
            ],
            [
              -43.1815747,
              -22.9609525
            ],
            [
              -43.1812303,
              -22.9610052
            ],
            [
              -43.179802,
              -22.9610696
            ],
            [
              -43.1790814,
              -22.9610585
            ],
            [
              -43.1787162,
              -22.9611476
            ],
            [
              -43.1785656,
              -22.9611349
            ],
            [
              -43.178528,
              -22.9610315
            ],
            [
              -43.1784831,
              -22.9609513
            ],
            [
              -43.1784064,
              -22.9608727
            ],
            [
              -43.1783114,
              -22.9608051
            ],
            [
              -43.1781555,
              -22.9607106
            ],
            [
              -43.1781127,
              -22.9606846
            ],
            [
              -43.1778236,
              -22.9605493
            ],
            [
              -43.1775815,
              -22.9604349
            ],
            [
              -43.1773175,
              -22.9603522
            ],
            [
              -43.1771706,
              -22.9603032
            ],
            [
              -43.1770082,
              -22.9602552
            ],
            [
              -43.176852,
              -22.9602077
            ],
            [
              -43.1766991,
              -22.9601485
            ],
            [
              -43.1766558,
              -22.9600283
            ],
            [
              -43.1766182,
              -22.95997
            ],
            [
              -43.1764004,
              -22.9597996
            ],
            [
              -43.176232,
              -22.9596739
            ],
            [
              -43.1761515,
              -22.9596319
            ],
            [
              -43.1759281,
              -22.9595564
            ],
            [
              -43.1751351,
              -22.9592228
            ],
            [
              -43.1748934,
              -22.9591025
            ],
            [
              -43.1748569,
              -22.9590702
            ],
            [
              -43.1746845,
              -22.9590599
            ],
            [
              -43.1745484,
              -22.9590499
            ],
            [
              -43.1744116,
              -22.9590903
            ],
            [
              -43.1742659,
              -22.9591223
            ],
            [
              -43.1739308,
              -22.9591472
            ],
            [
              -43.1735986,
              -22.9590566
            ],
            [
              -43.1733719,
              -22.9589095
            ],
            [
              -43.1731393,
              -22.9588214
            ],
            [
              -43.173011,
              -22.9584677
            ],
            [
              -43.1728052,
              -22.9580744
            ],
            [
              -43.1725011,
              -22.9578577
            ],
            [
              -43.171659,
              -22.9576881
            ],
            [
              -43.1704928,
              -22.9575264
            ],
            [
              -43.1702609,
              -22.9574942
            ],
            [
              -43.1698781,
              -22.9574187
            ],
            [
              -43.1695728,
              -22.9573268
            ],
            [
              -43.1732007,
              -22.9549034
            ],
            [
              -43.1737456,
              -22.9545701
            ],
            [
              -43.1737,
              -22.9544827
            ],
            [
              -43.173335,
              -22.9537561
            ],
            [
              -43.1731068,
              -22.9532818
            ],
            [
              -43.1728723,
              -22.9527943
            ],
            [
              -43.172843,
              -22.9527424
            ],
            [
              -43.1734976,
              -22.9523942
            ],
            [
              -43.1741304,
              -22.9520172
            ],
            [
              -43.1754554,
              -22.951348
            ],
            [
              -43.1755371,
              -22.9512927
            ],
            [
              -43.1753216,
              -22.9510064
            ],
            [
              -43.1767129,
              -22.9502279
            ],
            [
              -43.1774201,
              -22.9498797
            ],
            [
              -43.1774734,
              -22.9498622
            ],
            [
              -43.1774772,
              -22.9498604
            ],
            [
              -43.1778553,
              -22.9496802
            ],
            [
              -43.1780958,
              -22.9495656
            ],
            [
              -43.1781126,
              -22.9494968
            ],
            [
              -43.1781644,
              -22.9494718
            ],
            [
              -43.1782816,
              -22.9494152
            ],
            [
              -43.1786156,
              -22.9493671
            ],
            [
              -43.1795221,
              -22.9493844
            ],
            [
              -43.1795928,
              -22.9493809
            ],
            [
              -43.1797001,
              -22.9493673
            ],
            [
              -43.1798462,
              -22.9493412
            ],
            [
              -43.1798736,
              -22.9493209
            ],
            [
              -43.1798956,
              -22.9492868
            ],
            [
              -43.1799994,
              -22.9492512
            ],
            [
              -43.1800697,
              -22.949264
            ],
            [
              -43.1800851,
              -22.949258
            ],
            [
              -43.1801505,
              -22.9492326
            ],
            [
              -43.1802131,
              -22.9491982
            ],
            [
              -43.1802313,
              -22.9491882
            ],
            [
              -43.1803114,
              -22.94914
            ],
            [
              -43.1804382,
              -22.949048
            ],
            [
              -43.1805429,
              -22.9489428
            ],
            [
              -43.1805763,
              -22.9489055
            ],
            [
              -43.180635,
              -22.94884
            ],
            [
              -43.1806718,
              -22.9487834
            ],
            [
              -43.1806859,
              -22.948718
            ],
            [
              -43.1806897,
              -22.9486433
            ],
            [
              -43.1803586,
              -22.9482861
            ],
            [
              -43.1803914,
              -22.9482404
            ],
            [
              -43.180486,
              -22.948128
            ],
            [
              -43.1805182,
              -22.9480274
            ],
            [
              -43.1805155,
              -22.9479545
            ],
            [
              -43.1804484,
              -22.9472938
            ],
            [
              -43.1804189,
              -22.9464195
            ],
            [
              -43.1803519,
              -22.9458205
            ],
            [
              -43.1802151,
              -22.9452672
            ],
            [
              -43.1800622,
              -22.9448127
            ],
            [
              -43.1799066,
              -22.9444768
            ],
            [
              -43.1797712,
              -22.9442224
            ],
            [
              -43.1795177,
              -22.9438223
            ],
            [
              -43.1792307,
              -22.9434839
            ],
            [
              -43.1787412,
              -22.9430232
            ],
            [
              -43.1786634,
              -22.9429775
            ],
            [
              -43.1785293,
              -22.9429417
            ],
            [
              -43.1782879,
              -22.9429114
            ],
            [
              -43.1782061,
              -22.9429182
            ],
            [
              -43.1781431,
              -22.9429306
            ],
            [
              -43.1780834,
              -22.9429658
            ],
            [
              -43.1779429,
              -22.9430902
            ],
            [
              -43.1779318,
              -22.9431087
            ],
            [
              -43.1779375,
              -22.9431322
            ],
            [
              -43.1779476,
              -22.9431513
            ],
            [
              -43.177967,
              -22.9431782
            ],
            [
              -43.1779731,
              -22.943193
            ],
            [
              -43.1779707,
              -22.9432029
            ],
            [
              -43.1779543,
              -22.9432088
            ],
            [
              -43.1778782,
              -22.9432029
            ],
            [
              -43.1777783,
              -22.943198
            ],
            [
              -43.1776388,
              -22.9432159
            ],
            [
              -43.1774658,
              -22.9432714
            ],
            [
              -43.1773344,
              -22.943327
            ],
            [
              -43.1769267,
              -22.9435456
            ],
            [
              -43.1767322,
              -22.9436481
            ],
            [
              -43.176561,
              -22.9423946
            ],
            [
              -43.1765623,
              -22.9411373
            ],
            [
              -43.1774801,
              -22.9408107
            ],
            [
              -43.1778781,
              -22.9408233
            ],
            [
              -43.1785308,
              -22.940883
            ],
            [
              -43.1784593,
              -22.9401711
            ],
            [
              -43.1785179,
              -22.9401576
            ],
            [
              -43.1785677,
              -22.9401405
            ],
            [
              -43.1791911,
              -22.9399514
            ],
            [
              -43.1792866,
              -22.9399297
            ],
            [
              -43.1794386,
              -22.9398955
            ],
            [
              -43.1794675,
              -22.9398877
            ],
            [
              -43.1795367,
              -22.9398689
            ],
            [
              -43.1796716,
              -22.9398287
            ],
            [
              -43.1803711,
              -22.9396536
            ],
            [
              -43.1803839,
              -22.9396514
            ],
            [
              -43.1804028,
              -22.9396516
            ],
            [
              -43.1813368,
              -22.9388865
            ],
            [
              -43.1820116,
              -22.9390868
            ],
            [
              -43.1828061,
              -22.9394037
            ],
            [
              -43.1830911,
              -22.9394853
            ],
            [
              -43.1833672,
              -22.9395582
            ],
            [
              -43.1852169,
              -22.9406439
            ],
            [
              -43.1852972,
              -22.940641
            ],
            [
              -43.185406,
              -22.9406449
            ],
            [
              -43.1862858,
              -22.9406403
            ],
            [
              -43.1871603,
              -22.94062
            ],
            [
              -43.1871763,
              -22.940499
            ],
            [
              -43.1871766,
              -22.9404085
            ],
            [
              -43.1871656,
              -22.940337
            ],
            [
              -43.1873632,
              -22.940244
            ],
            [
              -43.1874855,
              -22.9401934
            ],
            [
              -43.1875611,
              -22.9401337
            ],
            [
              -43.1876277,
              -22.9400478
            ],
            [
              -43.1876568,
              -22.9399702
            ],
            [
              -43.1876679,
              -22.9398318
            ],
            [
              -43.187736,
              -22.9396335
            ],
            [
              -43.1877555,
              -22.939573
            ],
            [
              -43.1878035,
              -22.9394784
            ],
            [
              -43.1878324,
              -22.9394181
            ],
            [
              -43.1878701,
              -22.9393705
            ],
            [
              -43.187922,
              -22.9393049
            ],
            [
              -43.187975,
              -22.9392379
            ],
            [
              -43.1880413,
              -22.9391694
            ],
            [
              -43.1882644,
              -22.9390395
            ],
            [
              -43.1883284,
              -22.9391146
            ],
            [
              -43.1883735,
              -22.9391639
            ],
            [
              -43.1884917,
              -22.9393076
            ],
            [
              -43.1887669,
              -22.9396086
            ],
            [
              -43.1888768,
              -22.9397129
            ],
            [
              -43.1889696,
              -22.9398183
            ],
            [
              -43.1890224,
              -22.9398885
            ],
            [
              -43.1890494,
              -22.9399705
            ],
            [
              -43.189083,
              -22.9401128
            ],
            [
              -43.1891198,
              -22.9402232
            ],
            [
              -43.189159,
              -22.9402967
            ],
            [
              -43.1892153,
              -22.9403958
            ],
            [
              -43.189274,
              -22.9404721
            ],
            [
              -43.1893582,
              -22.9405543
            ],
            [
              -43.1894897,
              -22.9406778
            ],
            [
              -43.1895493,
              -22.940743
            ],
            [
              -43.1896003,
              -22.9408183
            ],
            [
              -43.1896526,
              -22.9409257
            ],
            [
              -43.1896727,
              -22.941069
            ],
            [
              -43.1896827,
              -22.9412369
            ],
            [
              -43.1897335,
              -22.9412822
            ],
            [
              -43.1897758,
              -22.9413193
            ],
            [
              -43.189812,
              -22.9413619
            ],
            [
              -43.1898348,
              -22.9414168
            ],
            [
              -43.1898237,
              -22.9414841
            ],
            [
              -43.1897899,
              -22.9417214
            ],
            [
              -43.1897695,
              -22.9418432
            ],
            [
              -43.1897496,
              -22.9419593
            ],
            [
              -43.1897678,
              -22.942025
            ],
            [
              -43.1897886,
              -22.9421135
            ],
            [
              -43.1898324,
              -22.9422342
            ],
            [
              -43.1899075,
              -22.9424151
            ],
            [
              -43.189927,
              -22.9425287
            ],
            [
              -43.1899322,
              -22.9426221
            ],
            [
              -43.1899029,
              -22.9427809
            ],
            [
              -43.189843,
              -22.9429275
            ],
            [
              -43.1897906,
              -22.9430419
            ],
            [
              -43.1894454,
              -22.9437947
            ],
            [
              -43.1894052,
              -22.9438688
            ],
            [
              -43.1893652,
              -22.943915
            ],
            [
              -43.1892227,
              -22.9439976
            ],
            [
              -43.1891899,
              -22.9440495
            ],
            [
              -43.1891644,
              -22.9441353
            ],
            [
              -43.1891578,
              -22.9441911
            ],
            [
              -43.1891771,
              -22.9442453
            ],
            [
              -43.1892006,
              -22.944285
            ],
            [
              -43.1892396,
              -22.9443255
            ],
            [
              -43.1895161,
              -22.9444906
            ],
            [
              -43.1896498,
              -22.9445828
            ],
            [
              -43.1897347,
              -22.9446563
            ],
            [
              -43.189764,
              -22.9447207
            ],
            [
              -43.1897579,
              -22.9447851
            ],
            [
              -43.1897297,
              -22.9448555
            ],
            [
              -43.189667,
              -22.9449074
            ],
            [
              -43.1895799,
              -22.9449663
            ],
            [
              -43.1895348,
              -22.9450049
            ],
            [
              -43.1895234,
              -22.9450256
            ],
            [
              -43.1895237,
              -22.9450713
            ],
            [
              -43.1895371,
              -22.9451139
            ],
            [
              -43.1895636,
              -22.9451441
            ],
            [
              -43.1895859,
              -22.9451514
            ],
            [
              -43.1896388,
              -22.945167
            ],
            [
              -43.1897046,
              -22.9451604
            ],
            [
              -43.1897338,
              -22.9451359
            ],
            [
              -43.1897532,
              -22.9451176
            ],
            [
              -43.1897811,
              -22.945088
            ],
            [
              -43.1898074,
              -22.9450645
            ],
            [
              -43.1898493,
              -22.9450279
            ],
            [
              -43.1898923,
              -22.944995
            ],
            [
              -43.1899752,
              -22.9449422
            ],
            [
              -43.1900465,
              -22.9449292
            ],
            [
              -43.1901679,
              -22.9449337
            ],
            [
              -43.1902557,
              -22.9449415
            ],
            [
              -43.1903882,
              -22.9449815
            ],
            [
              -43.1904885,
              -22.9450205
            ],
            [
              -43.190568,
              -22.9450539
            ],
            [
              -43.1906442,
              -22.9450919
            ],
            [
              -43.1907034,
              -22.9451501
            ],
            [
              -43.1907365,
              -22.9452214
            ],
            [
              -43.1907533,
              -22.9453043
            ],
            [
              -43.1907564,
              -22.9454135
            ],
            [
              -43.1907915,
              -22.9454786
            ],
            [
              -43.1908654,
              -22.9455356
            ],
            [
              -43.1909481,
              -22.945603
            ],
            [
              -43.1910928,
              -22.945726
            ],
            [
              -43.1912054,
              -22.9457841
            ],
            [
              -43.1913063,
              -22.9458146
            ],
            [
              -43.1914037,
              -22.9458361
            ],
            [
              -43.1916823,
              -22.9458734
            ],
            [
              -43.1917576,
              -22.9458835
            ],
            [
              -43.1919097,
              -22.9458934
            ],
            [
              -43.192096,
              -22.945887
            ],
            [
              -43.1922216,
              -22.9458907
            ],
            [
              -43.1923272,
              -22.9459035
            ],
            [
              -43.1924231,
              -22.9459244
            ],
            [
              -43.1925153,
              -22.9459564
            ],
            [
              -43.1927007,
              -22.9460579
            ],
            [
              -43.1928884,
              -22.9461406
            ],
            [
              -43.192968,
              -22.9461673
            ],
            [
              -43.1930558,
              -22.946184
            ],
            [
              -43.1931612,
              -22.9461893
            ],
            [
              -43.1933994,
              -22.9461979
            ],
            [
              -43.1935021,
              -22.9462016
            ],
            [
              -43.1938276,
              -22.9461636
            ],
            [
              -43.1939621,
              -22.9461393
            ],
            [
              -43.1951263,
              -22.9457126
            ],
            [
              -43.196381,
              -22.9450339
            ],
            [
              -43.1967759,
              -22.9452842
            ],
            [
              -43.1970065,
              -22.9455989
            ],
            [
              -43.1970559,
              -22.9457224
            ],
            [
              -43.1971334,
              -22.9460448
            ],
            [
              -43.1972818,
              -22.9463963
            ],
            [
              -43.1975147,
              -22.9465503
            ],
            [
              -43.1976766,
              -22.9466561
            ],
            [
              -43.1978175,
              -22.946809
            ],
            [
              -43.1980391,
              -22.947029
            ],
            [
              -43.1982723,
              -22.947164
            ],
            [
              -43.198739,
              -22.9473774
            ],
            [
              -43.1991363,
              -22.9474481
            ],
            [
              -43.2010278,
              -22.9480179
            ],
            [
              -43.2016955,
              -22.9485769
            ]
          ]
        ]
      }
    }
  ]
}
